
--
-- Table structure for table `addable_types`
--

DROP TABLE IF EXISTS `addable_types`;
/*!40101 SET @saved_cs_client     = @@character_set_client */;
/*!50503 SET character_set_client = utf8mb4 */;
CREATE TABLE `addable_types` (
                                 `id` int NOT NULL AUTO_INCREMENT,
                                 `name` varchar(100) CHARACTER SET utf8mb4 COLLATE utf8mb4_0900_ai_ci NOT NULL,
                                 PRIMARY KEY (`id`)
) ENGINE=InnoDB AUTO_INCREMENT=15 DEFAULT CHARSET=utf8mb4 COLLATE=utf8mb4_0900_ai_ci;
/*!40101 SET character_set_client = @saved_cs_client */;

--
-- Dumping data for table `addable_types`
--

LOCK TABLES `addable_types` WRITE;
/*!40000 ALTER TABLE `addable_types` DISABLE KEYS */;
INSERT INTO `addable_types` VALUES (4,'Район'),(5,'Город'),(14,'Область');
/*!40000 ALTER TABLE `addable_types` ENABLE KEYS */;
UNLOCK TABLES;


--
-- Table structure for table `addable_titles`
--

DROP TABLE IF EXISTS `addable_titles`;
/*!40101 SET @saved_cs_client     = @@character_set_client */;
/*!50503 SET character_set_client = utf8mb4 */;
CREATE TABLE `addable_titles` (
                                  `id` int NOT NULL AUTO_INCREMENT,
                                  `name` varchar(100) CHARACTER SET utf8mb4 COLLATE utf8mb4_0900_ai_ci NOT NULL,
                                  `addable_types_id` int NOT NULL,
                                  `parent_id` int DEFAULT NULL,
                                  `rank` int DEFAULT NULL,
                                  PRIMARY KEY (`id`),
                                  UNIQUE KEY `indexUnq4` (`name`,`parent_id`),
                                  KEY `fk_addable_titles_2_idx` (`parent_id`),
                                  KEY `fk_addable_titles_3_idx` (`addable_types_id`),
                                  CONSTRAINT `fk_addable_titles_1` FOREIGN KEY (`addable_types_id`) REFERENCES `addable_types` (`id`),
                                  CONSTRAINT `fk_addable_titles_2` FOREIGN KEY (`parent_id`) REFERENCES `addable_titles` (`id`)
) ENGINE=InnoDB AUTO_INCREMENT=798 DEFAULT CHARSET=utf8mb4 COLLATE=utf8mb4_0900_ai_ci;
/*!40101 SET character_set_client = @saved_cs_client */;

--
-- Dumping data for table `addable_titles`
--

LOCK TABLES `addable_titles` WRITE;
/*!40000 ALTER TABLE `addable_titles` DISABLE KEYS */;
INSERT IGNORE INTO `addable_titles` VALUES (3,'Баткенская область',14,NULL,0),(11,'с. Кара-Булак',5,12,0),(12,'Баткенский район',4,3,0),(13,'Ыссык-Кульская область',14,NULL,0),(14,'Чуйская область',14,NULL,0),(15,'Нарынская область',14,NULL,0),(16,'Ошская область',14,NULL,0),(17,'Таласская область',14,NULL,0),(18,'Джалал-Абадская область',14,NULL,0),(19,'г. Бишкек',5,14,0),(20,'г. Ош',5,16,0),(21,'г. Талас',5,17,0),(22,'г. Токмок',5,14,0),(23,'г. Нарын',5,15,0),(24,'г. Каракол',5,13,0),(25,'г. Балыкчи',5,13,0),(26,'г. Таш-Кумыр',5,18,0),(27,'г. Джалал-Абад',5,18,0),(28,'г. Кара-Куль',5,18,0),(29,'г. Майлуу-Суу',5,18,0),(30,'г. Баткен',5,3,0),(31,'г. Кызыл-Кия',5,3,0),(32,'г. Сулюкта',5,3,0),(33,'г. Узген',5,16,0),(34,'ПГТ Шамалды-Сай',5,18,0),(36,'Кадамжайский район',4,3,0),(37,'Лейлекский район',4,3,0),(38,'Ак-Суйский район',4,13,0),(39,'Джети-Огузский район',4,13,0),(40,'Тонский район',4,13,0),(41,'Тюпский район',4,13,0),(42,'Ыссык-Кульский район',4,13,0),(43,'Аламудунский район',4,14,0),(44,'Жайылский район',4,14,0),(45,'Кеминский район',4,14,0),(46,'Московский район',4,14,0),(47,'Панфиловский район',4,14,0),(48,'Сокулукский район',4,14,0),(49,'Чуйский район',4,14,0),(50,'Ысыкатинский район',4,14,0),(51,'Ак-Талинский район',4,15,0),(52,'Ат-Башынский район',4,15,0),(53,'Жумгальский район',4,15,0),(54,'Кочкорский район',4,15,0),(55,'Нарынский район',4,15,0),(56,'Алайский район',4,16,0),(57,'Араванский район',4,16,0),(58,'Кара-Кулджинский район',4,16,0),(59,'Карасууский район',4,16,0),(60,'Ноокатский район',4,16,0),(61,'Узгенский район',4,16,0),(62,'Чон-Алайский район',4,16,0),(63,'Бакай-Атинский район',4,17,0),(64,'Кара-Бууринский район',4,17,0),(65,'Манасский район',4,17,0),(66,'Таласский район',4,17,0),(67,'Аксыйский район',4,18,0),(68,'Ала-Букинский район',4,18,0),(69,'Базар-Коргонский район',4,18,0),(70,'Ноокенский район',4,18,0),(71,'Сузакский район',4,18,0),(72,'Тогуз-Тороуский район',4,18,0),(73,'Токтогульский район',4,18,0),(74,'Чаткальский район',4,18,0),(75,'c.Ак-Сай',5,12,0),(76,'c.Ак-Татыр',5,12,0),(77,'c.Дара',5,12,0),(78,'c.Кара-Бак',5,12,0),(80,'c.Кызыл-Бель',5,12,0),(81,'c.Кыштут',5,12,0),(82,'c.Самаркандык',5,12,0),(83,'c.Суу-Башы',5,12,0),(84,'c.Тор-Гул',5,12,0),(85,'c.Чет-Кызыл',5,12,0),(87,'c.Абсамат',5,36,0),(88,'c.Ак-Турпак',5,36,0),(89,'c.Алга',5,36,0),(90,'c.Жаныжер',5,36,0),(91,'c.Жолдошова',5,36,0),(92,'c.Исамариам',5,36,0),(93,'c.Кара-Джыгач',5,36,0),(94,'c.Кара-Добо',5,36,0),(95,'c.Каракыштак',5,36,0),(96,'c.Кызыл-Булак',5,36,0),(97,'c.Кызыл-Коргон',5,36,0),(98,'c.Кыргыз-Кыштак',5,36,0),(99,'c.Майдан',5,36,0),(100,'c.Марказ',5,36,0),(101,'c.Масалиев',5,36,0),(102,'c.Минчынар',5,36,0),(103,'c.Ноогардан',5,36,0),(104,'c.Ормош',5,36,0),(105,'c.Орозбеково',5,36,0),(106,'c.Орукзар',5,36,0),(107,'c.Сарыалтын',5,36,0),(108,'c.Уч-Коргон',5,36,0),(109,'c.Халмион',5,36,0),(110,'c.Чаувай',5,36,0),(111,'c.Шыбран',5,36,0),(112,'ПГТАйдаркен',5,36,0),(113,'ПГТКадамжай',5,36,0),(114,'c.Ак-Суу',5,37,0),(115,'c.Андарак',5,37,0),(116,'c.Бешкент',5,37,0),(117,'c.Жаныжер',5,37,0),(118,'c.Катран',5,37,0),(119,'c.Кулунду',5,37,0),(120,'c.Лейлек',5,37,0),(121,'c.Маргун',5,37,0),(122,'c.Тогуз-Булак',5,37,0),(123,'г.Исфана',5,37,0),(124,'c.Ак-Булун',5,38,0),(125,'c.Берю-Баш',5,38,0),(126,'c.Боз-Булун',5,38,0),(127,'c.Боз-Учук',5,38,0),(128,'c.Джол-Колот',5,38,0),(129,'c.Джылдыз',5,38,0),(130,'c.Кара-Джал',5,38,0),(131,'c.Каракол',5,38,0),(132,'c.Качыбек',5,38,0),(133,'c.Кереге-Таш',5,38,0),(134,'c.Курбу',5,38,0),(135,'c.Новознесеновка',5,38,0),(136,'c.Октябрьское',5,38,0),(137,'c.Орлиное',5,38,0),(138,'c.Отрадное',5,38,0),(139,'c.Сары-камыш',5,38,0),(140,'c.Советское',5,38,0),(141,'c.Тегизчил',5,38,0),(142,'c.Тепке',5,38,0),(143,'c.Теплоключенка',5,38,0),(144,'c.Уч-Кайнар',5,38,0),(145,'c.Челпек',5,38,0),(146,'c.Черик',5,38,0),(147,'c.Чолпон',5,38,0),(148,'ПГТЖыргалан',5,38,0),(149,'c.Ак-Дебе',5,39,0),(150,'c.Ак-Терек',5,39,0),(151,'c.Ак-Шыйрак',5,39,0),(152,'c.Алкым',5,39,0),(153,'c.Ан-Остен',5,39,0),(154,'c.Барскоон',5,39,0),(155,'c.Богатыровка',5,39,0),(156,'c.Боз-Бешик',5,39,0),(157,'c.Даркан',5,39,0),(158,'c.Джеле-Дебе',5,39,0),(159,'c.Джениш',5,39,0),(160,'c.Джети-Огуз',5,39,0),(161,'c.Джон-Булак',5,39,0),(162,'c.Жалыз-Орюк',5,39,0),(163,'c.Ичке-Булун',5,39,0),(164,'c.Кабак',5,39,0),(165,'c.Кичи-Джаргылчак',5,39,0),(166,'c.Кызыл-Суу',5,39,0),(167,'c.Липенка',5,39,0),(168,'c.Оргочор',5,39,0),(169,'c.Саруу',5,39,0),(170,'c.Светлая Поляна',5,39,0),(171,'c.Тамга',5,39,0),(172,'c.Тилекмат',5,39,0),(173,'c.Тосор',5,39,0),(174,'c.Чон-Джаргылчак',5,39,0),(175,'c.Чырак',5,39,0),(176,'c.Ырдык',5,39,0),(177,'c.Ак-Олен',5,40,0),(178,'c.Ак-Сай',5,40,0),(179,'c.Ала-Баш',5,40,0),(180,'c.Бар-Булак',5,40,0),(181,'c.Боконбаево',5,40,0),(182,'c.Ден-Талаа',5,40,0),(183,'c.Джер-Уй',5,40,0),(184,'c.Кара-Коо',5,40,0),(185,'c.Кек-Мойнок-Первое',5,40,0),(186,'c.Кек-Сай',5,40,0),(187,'c.Кель-Тер',5,40,0),(188,'c.Конур-Олен',5,40,0),(189,'c.Кызыл-Туу',5,40,0),(190,'c.Темир-Канат',5,40,0),(191,'c.Терт-Куль',5,40,0),(192,'c.Тогуз-Булак',5,40,0),(193,'c.Тон',5,40,0),(194,'c.Эшперево',5,40,0),(195,'ПГТКаджи-Сай',5,40,0),(196,'c.Арал',5,41,0),(197,'c.Балбай',5,41,0),(198,'c.Бирлик',5,41,0),(199,'c.Джылуу-Булак',5,41,0),(200,'c.Долон',5,41,0),(201,'c.Ичке-Суу',5,41,0),(202,'c.Кен-Суу',5,41,0),(203,'c.Кеочю',5,41,0),(204,'c.Кичи-Орюктю',5,41,0),(205,'c.Корумду',5,41,0),(206,'c.Кутургу',5,41,0),(207,'c.Кюрментю',5,41,0),(208,'c.Михайловка',5,41,0),(209,'c.Ой-Булак',5,41,0),(210,'c.Ой-Тал',5,41,0),(211,'c.Сан-Таш',5,41,0),(212,'c.Тасма',5,41,0),(213,'c.Тогуз-Булак',5,41,0),(214,'c.Токтоян',5,41,0),(215,'c.Толды-Суу',5,41,0),(216,'c.Тюп',5,41,0),(217,'c.Чон-Таш',5,41,0),(218,'c.Чон-Тогуз-Бай',5,41,0),(219,'c.Ыссык-Кель',5,41,0),(220,'ПГТАк-Булак',5,41,0),(221,'c.Ананьево',5,42,0),(222,'c.Баетовка',5,42,0),(223,'c.Бактуу-Долоноту',5,42,0),(224,'c.Бостери Мамытова',5,42,0),(225,'c.Григорьевка',5,42,0),(226,'c.Жаркынбаево',5,42,0),(227,'c.Кара-ой',5,42,0),(228,'c.Кароол-Дебе',5,42,0),(229,'c.Кашат',5,42,0),(230,'c.Кек-Дебе',5,42,0),(231,'c.Коджояр',5,42,0),(232,'c.Корумду',5,42,0),(233,'c.Орнек',5,42,0),(234,'c.Орто-Орюктю',5,42,0),(235,'c.Орюктю-Хутор',5,42,0),(236,'c.Сары-камыш',5,42,0),(237,'c.Сары-Ой',5,42,0),(238,'c.Семеновка',5,42,0),(239,'c.Тамчы',5,42,0),(240,'c.Темировка',5,42,0),(241,'c.Тору-Айгыр',5,42,0),(242,'c.Чок-Тал',5,42,0),(243,'c.Чон-Орюктю',5,42,0),(244,'c.Чон-Сары-Ой',5,42,0),(245,'c.Чырпыкты',5,42,0),(246,'г.Чолпон-Ата',5,42,0),(247,'c.Аламудун',5,43,0),(248,'c.Арашан',5,43,0),(249,'c.Арчалы',5,43,0),(250,'c.Байтик',5,43,0),(251,'c.Баш-Кара-Суу',5,43,0),(252,'c.Беш-Кюнгей',5,43,0),(253,'c.Васильевка',5,43,0),(254,'c.Виноградное',5,43,0),(255,'c.Восток',5,43,0),(256,'c.Горная Маевка',5,43,0),(257,'c.Гроздь',5,43,0),(258,'c.Дачное',5,43,0),(259,'c.Кайырма',5,43,0),(260,'c.Кара-Джыгач',5,43,0),(261,'c.Кашка-Суу',5,43,0),(262,'c.Кек-Джар',5,43,0),(263,'c.Лебединовка',5,43,0),(264,'c.Ленинское',5,43,0),(265,'c.Маевка',5,43,0),(266,'c.Мраморное',5,43,0),(267,'c.Нижняя Ала-Арча',5,43,0),(268,'c.Озерное',5,43,0),(269,'c.Октябрьское',5,43,0),(270,'c.Пригородное',5,43,0),(271,'c.Степное',5,43,0),(272,'c.Таш-Дебе',5,43,0),(273,'c.Ак-Башат',5,44,0),(274,'c.Алексеевка',5,44,0),(275,'c.Алтын',5,44,0),(276,'c.Бекитай',5,44,0),(277,'c.Джекен',5,44,0),(278,'c.Джон-Арык',5,44,0),(279,'c.Жайыл',5,44,0),(280,'c.Ийри-Суу',5,44,0),(281,'c.Кара-Дебе',5,44,0),(282,'c.Кара-Суу',5,44,0),(283,'c.Кожомкул',5,44,0),(284,'c.Кызыл-Дыйкан',5,44,0),(285,'c.Кызыл-Ой',5,44,0),(286,'c.Малтабар',5,44,0),(287,'c.Новониколаевка',5,44,0),(288,'c.Орто-Суу',5,44,0),(289,'c.Первое Мая',5,44,0),(290,'c.Петропавловка',5,44,0),(291,'c.Полтавка',5,44,0),(292,'c.Сары-Булак',5,44,0),(293,'c.Сосновка',5,44,0),(294,'c.Ставрополовка',5,44,0),(295,'c.Степное',5,44,0),(296,'c.Суусамыр',5,44,0),(297,'c.Тунук',5,44,0),(298,'c.Эриктуу',5,44,0),(299,'г.Кара-Балта',5,44,0),(300,'c.Алмалуу',5,45,0),(301,'c.Бейшеке',5,45,0),(302,'c.Белый-Пикет',5,45,0),(303,'c.Боролдой',5,45,0),(304,'c.Джаны-Алыш',5,45,0),(305,'c.Ильичевское',5,45,0),(306,'c.Кара-Булак',5,45,0),(307,'c.Кароол-Дебе',5,45,0),(308,'c.Кичи-Кемин',5,45,0),(309,'c.Кызыл-Байрак',5,45,0),(310,'c.Кызыл-Октябрь',5,45,0),(311,'c.Кызыл-Суу',5,45,0),(312,'c.Новомихайловка',5,45,0),(313,'c.Самансур',5,45,0),(314,'c.Советское',5,45,0),(315,'c.Тар-Суу',5,45,0),(316,'c.Тегирменти',5,45,0),(317,'c.Шабдан',5,45,0),(318,'ПГТАк-Тюз',5,45,0),(319,'ПГТКемин',5,45,0),(321,'ПГТОрловка',5,45,0),(322,'с.Каинды',5,45,0),(323,'с.Чым-Коргон',5,45,0),(324,'c.Ак-Cуу',5,46,0),(325,'c.Ак-Башат',5,46,0),(326,'c.Ак-Торпок',5,46,0),(327,'c.Александровка',5,46,0),(328,'c.Ан-Арык',5,46,0),(329,'c.Беловодское',5,46,0),(330,'c.Беш-Орюк',5,46,0),(331,'c.Беш-Терек',5,46,0),(332,'c.Заря',5,46,0),(333,'c.Кепер-Арык',5,46,0),(334,'c.Кош-Дебе',5,46,0),(335,'c.Крупское',5,46,0),(336,'c.Кыз-Моло',5,46,0),(337,'c.Мураке',5,46,0),(338,'c.Петровка',5,46,0),(339,'c.Предтеченка',5,46,0),(340,'c.Садовое',5,46,0),(341,'c.Спартак',5,46,0),(342,'c.Сретенка',5,46,0),(343,'c.Телек',5,46,0),(344,'c.Темен-Суу',5,46,0),(345,'c.Чон-Арык',5,46,0),(346,'c.Букара',5,47,0),(347,'c.Вознесеновка',5,47,0),(348,'c.Джайылма',5,47,0),(349,'c.Им.Кирова',5,47,0),(350,'c.Им.Тельмана',5,47,0),(351,'c.Кум-Арык',5,47,0),(352,'c.Кюрпюльдек',5,47,0),(353,'c.Октябрьское',5,47,0),(354,'c.Орто-Арык',5,47,0),(355,'c.Панфиловское',5,47,0),(356,'c.Первомайское',5,47,0),(357,'c.Ровное',5,47,0),(358,'c.Чалдыбар',5,47,0),(359,'c.Эркин-Сай',5,47,0),(360,'c.Эфиронос',5,47,0),(361,'ПГТКаинды',5,47,0),(363,'c.Ак-Джол',5,48,0),(364,'c.Арал Ближний',5,48,0),(365,'c.Арал Дальний',5,48,0),(366,'c.Асылбаш',5,48,0),(367,'c.Белек',5,48,0),(368,'c.Военно-Антоновка',5,48,0),(369,'c.Гавриловка',5,48,0),(370,'c.Джаны-Джер',5,48,0),(371,'c.Джаны-Пахта',5,48,0),(372,'c.Им.Фрунзе',5,48,0),(373,'c.Калтар',5,48,0),(374,'c.Камышановка',5,48,0),(375,'c.Кунтуу',5,48,0),(376,'c.Кызыл-Туу',5,48,0),(377,'c.Нижнечуйское',5,48,0),(378,'c.Новопавловка',5,48,0),(379,'c.Первомайское',5,48,0),(380,'c.Саз',5,48,0),(381,'c.Сокулук',5,48,0),(382,'c.Тош-Булак',5,48,0),(383,'c.Чат-Кель',5,48,0),(384,'г.Шопоков',5,48,0),(385,'с.Манас',5,48,0),(386,'с.Селекционное',5,48,0),(387,'с.Тюзь',5,48,0),(388,'c.Ак-Бешим',5,49,0),(389,'c.Арпа-Тектир',5,49,0),(390,'c.Бала-Айылчи',5,49,0),(391,'c.Ден-Арык',5,49,0),(392,'c.Искра',5,49,0),(393,'c.Калыгул',5,49,0),(394,'c.Кара-Дебе',5,49,0),(395,'c.Кегети',5,49,0),(396,'c.Кош-Коргон',5,49,0),(397,'c.Кошой',5,49,0),(398,'c.Ленин-Джол',5,49,0),(399,'c.Мээнеткеч',5,49,0),(400,'c.Онбир-Джылга',5,49,0),(401,'c.Прогресс',5,49,0),(402,'c.Садовое',5,49,0),(403,'c.Сайлык',5,49,0),(404,'c.Советское',5,49,0),(405,'c.Чуй',5,49,0),(406,'c.Ак-Кудук',5,50,0),(407,'c.Алмалуу',5,50,0),(408,'c.Бирдик',5,50,0),(409,'c.Буденновка',5,50,0),(410,'c.Гидростроитель',5,50,0),(411,'c.Джер-Казар',5,50,0),(412,'c.Джээк',5,50,0),(413,'c.Дмитриевка',5,50,0),(414,'c.Ивановка',5,50,0),(415,'c.Интернациональное',5,50,0),(416,'c.Карагай-Булак',5,50,0),(417,'c.Кен-Булун',5,50,0),(418,'c.Кенеш',5,50,0),(419,'c.Кировское',5,50,0),(420,'c.Киршелк',5,50,0),(421,'c.Красная Речка',5,50,0),(422,'c.Люксембург',5,50,0),(423,'c.Милянфан',5,50,0),(424,'c.Новопокровка',5,50,0),(425,'c.Норус',5,50,0),(426,'c.Нурманбет',5,50,0),(427,'c.Отогон',5,50,0),(428,'c.Рот-Фронт',5,50,0),(429,'c.Сары-Джон',5,50,0),(430,'c.Сын-Таш',5,50,0),(431,'c.Тогуз-Булак',5,50,0),(432,'c.Уч-Эмчек',5,50,0),(433,'c.Чон-Далы',5,50,0),(434,'г.Кант',5,50,0),(435,'c.Ак-Кыя',5,51,0),(436,'c.Ак-Тал',5,51,0),(437,'c.Ак-Чий',5,51,0),(438,'c.Баетово',5,51,0),(439,'c.Байгенчек',5,51,0),(440,'c.Джаны-Талап',5,51,0),(441,'c.Жерге-Тал',5,51,0),(442,'c.Кадыралы',5,51,0),(443,'c.Каиынды-Булак',5,51,0),(444,'c.Кара-Бюрген',5,51,0),(445,'c.Кара-ой',5,51,0),(446,'c.Конорчок',5,51,0),(447,'c.Кош-Дебе',5,51,0),(448,'c.Терек',5,51,0),(449,'c.Угют',5,51,0),(450,'c.Ак-Джар',5,52,0),(451,'c.Ак-Муз',5,52,0),(452,'c.Ат-Башы',5,52,0),(453,'c.Бирдик',5,52,0),(454,'c.Джаны-Кюч',5,52,0),(455,'c.Дыйкан',5,52,0),(456,'c.Казыбек',5,52,0),(457,'c.Кара-Булун',5,52,0),(458,'c.Кара-Суу',5,52,0),(459,'c.Кызыл-Туу',5,52,0),(460,'c.Озгерюш',5,52,0),(461,'c.Ой-Терскен',5,52,0),(462,'c.Первомайское',5,52,0),(463,'c.Талды-Суу',5,52,0),(464,'с.Большевик',5,52,0),(465,'c.Ак-Татыр',5,53,0),(466,'c.Арал',5,53,0),(467,'c.Байзак',5,53,0),(468,'c.Баш-Кууганды',5,53,0),(469,'c.Беш-Терек',5,53,0),(470,'c.Джаны-Арык',5,53,0),(471,'c.Джумгал',5,53,0),(472,'c.Кек-Ой',5,53,0),(473,'c.Котур-Суу',5,53,0),(474,'c.Куйручук',5,53,0),(475,'c.Кызыл-Джылдыз',5,53,0),(476,'c.Табылгыты',5,53,0),(477,'c.Тюгель-Сай',5,53,0),(478,'c.Чаек',5,53,0),(479,'c.Эпкин',5,53,0),(480,'ПГТМин-Куш',5,53,0),(481,'с.Чон-Добо',5,53,0),(482,'с.Кызарт',5,53,0),(483,'с.Лама.',5,53,0),(484,'с.Таш-Добо',5,53,0),(485,'c.Ак-Джар',5,54,0),(486,'c.Ак-Кыя',5,54,0),(487,'c.Ак-Талаа',5,54,0),(488,'c.Ара-Кель',5,54,0),(489,'c.Арсы',5,54,0),(490,'c.Ден-Алыш',5,54,0),(491,'c.Джаны-Джол',5,54,0),(492,'c.Кара-Кюнгей',5,54,0),(493,'c.Кара-Мойнок',5,54,0),(494,'c.Кара-Саз',5,54,0),(495,'c.Кара-Суу',5,54,0),(496,'c.Кара-Тоо',5,54,0),(497,'c.Кок-Джар',5,54,0),(498,'c.Комсомол',5,54,0),(499,'c.Кочкорка',5,54,0),(500,'c.Кум-Дебе',5,54,0),(501,'c.Кызыл-Дебе',5,54,0),(502,'c.Орток',5,54,0),(503,'c.Сары-Булак',5,54,0),(504,'c.Семиз-Бель',5,54,0),(505,'c.Телек',5,54,0),(506,'c.Туз',5,54,0),(507,'c.Чекилдек',5,54,0),(508,'c.Чолпон',5,54,0),(509,'c.Шамшы',5,54,0),(510,'c.Эпкин',5,54,0),(511,'c.Айри-Суу',5,55,0),(512,'c.Ак-Булун',5,55,0),(513,'c.Ак-Кудук',5,55,0),(514,'c.Ак-Кыя',5,55,0),(515,'c.Ак-Талаа',5,55,0),(516,'c.Алыш',5,55,0),(517,'c.Восьмое-Марта',5,55,0),(518,'c.Дебелюу',5,55,0),(519,'c.Джалгыз-Терек',5,55,0),(520,'c.Джан-Булак',5,55,0),(521,'c.Джергетал',5,55,0),(522,'c.Джер-Кечкю',5,55,0),(523,'c.Жылан-Арык',5,55,0),(524,'c.Казан-Куйган',5,55,0),(525,'c.Кайынды',5,55,0),(526,'c.Куланак',5,55,0),(527,'c.Кызыл-Джылдыз',5,55,0),(528,'c.Лакол',5,55,0),(529,'c.Мин-Булак',5,55,0),(530,'c.Орто-Саз',5,55,0),(531,'c.Орюк-Там',5,55,0),(532,'c.Таш-Башат',5,55,0),(533,'c.Учкун',5,55,0),(534,'c.Шоро',5,55,0),(535,'c.Эки-Нарын',5,55,0),(536,'c.Эмгек-Талаа',5,55,0),(537,'c.Эмгекчил',5,55,0),(538,'c.Эчки-Башы',5,55,0),(539,'ПГТДостук',5,55,0),(540,'с.Кенеш',5,55,0),(541,'c.Алайское',5,56,0),(542,'c.Будалык',5,56,0),(543,'c.Кичи-Бюлелю',5,56,0),(544,'c.Мурдаш',5,56,0),(545,'c.Нура',5,56,0),(546,'c.Сопу-Коргон',5,56,0),(547,'c.Уч-Тобонский',5,56,0),(548,'ПГТСары-Таш',5,56,0),(549,'c.А.Анарова',5,57,0),(550,'c.Араван',5,57,0),(551,'c.Керме-Тоо',5,57,0),(552,'c.Мангит',5,57,0),(553,'c.Нурабад',5,57,0),(554,'c.С.Юсупова',5,57,0),(555,'c.Тепе-Коргон',5,57,0),(556,'c.Туя-Моюн',5,57,0),(557,'c.Чек-Абад',5,57,0),(558,'С.Юсупова',5,57,0),(559,'c.Алайку',5,58,0),(560,'c.Ылай-Талаа',5,58,0),(561,'c.Кызыл-Джар',5,58,0),(562,'c.Ак-Кыя',5,58,0),(563,'c.Капчыгай',5,58,0),(564,'c.Карагуз',5,58,0),(565,'c.Кара-Кочкор',5,58,0),(566,'c.Кара-Кульджа',5,58,0),(567,'c.Кашка-Джол',5,58,0),(568,'c.Кенеш',5,58,0),(569,'c.Кызыл-Булак',5,58,0),(570,'c.Ой-Тал',5,58,0),(571,'c.Сары-Булак',5,58,0),(572,'c.Тоготой',5,58,0),(573,'c.Чалма',5,58,0),(574,'c.Ак-Таш',5,59,0),(575,'c.Баш-Булак',5,59,0),(576,'c.Гайрат',5,59,0),(577,'c.Жаны-Арык',5,59,0),(578,'c.Жоош',5,59,0),(579,'c.Кашгар-Кыштак',5,59,0),(580,'c.Кызыл-Кыштак',5,59,0),(581,'c.Мады',5,59,0),(582,'c.Нариман',5,59,0),(583,'c.Отуз-Адыр',5,59,0),(584,'c.Папан',5,59,0),(585,'c.Савай',5,59,0),(586,'c.Сарай',5,59,0),(587,'c.Сары-Колот',5,59,0),(588,'c.Телейкен',5,59,0),(589,'c.Чайчи',5,59,0),(590,'c.Шарк',5,59,0),(591,'г.Карасу',5,59,0),(592,'c.Бель-Кайрагач',5,60,0),(593,'c.Гюльстан',5,60,0),(594,'c.Джаны-Базар',5,60,0),(595,'c.Джаны-Ноокат',5,60,0),(596,'c.Исанов',5,60,0),(597,'c.Кара-Таш',5,60,0),(598,'c.Кек-Джар',5,60,0),(599,'c.Кенеш',5,60,0),(600,'c.Кок-Бель',5,60,0),(601,'c.Кулатов',5,60,0),(602,'c.Кыргыз-Ата',5,60,0),(603,'c.Мирмахмудова',5,60,0),(604,'c.Он Эки-Бель',5,60,0),(605,'c.Тоолос',5,60,0),(606,'c.Учбай',5,60,0),(607,'c.Ынтымак',5,60,0),(608,'г.Ноокат',5,60,0),(609,'c.Ак-Жар',5,61,0),(610,'c.Алтын-Булак',5,61,0),(611,'c.Баш-Добо',5,61,0),(612,'c.Джыланды',5,61,0),(613,'c.Дон-Булак',5,61,0),(614,'c.Жазы',5,61,0),(615,'c.Жалпак-Таш',5,61,0),(616,'c.Заргер',5,61,0),(617,'c.Ийри-Суу',5,61,0),(618,'c.Кароол',5,61,0),(619,'c.Колдук',5,61,0),(620,'c.Куршаб',5,61,0),(621,'c.Кызыл-Октябрь',5,61,0),(622,'c.Кызыл-Тоо',5,61,0),(623,'c.Мырза-Аке',5,61,0),(624,'c.Саламалик',5,61,0),(625,'c.Торт-Кол',5,61,0),(626,'c.Чангет',5,61,0),(627,'c.Шералы',5,61,0),(628,'c.Жекенди',5,62,0),(629,'c.Кашка-Суу',5,62,0),(630,'c.Чон-Алай',5,62,0),(631,'c.Шибээ',5,62,0),(632,'c.Бакай-Ата',5,63,0),(633,'c.Боо-Терек',5,63,0),(634,'c.Кек-Таш',5,63,0),(635,'c.Кен-Арал',5,63,0),(636,'c.Кызыл-Октябрь',5,63,0),(637,'c.Кызыл-Сай',5,63,0),(638,'c.Кыргызстан',5,63,0),(639,'c.Маданият',5,63,0),(640,'c.Мин-Булак',5,63,0),(641,'c.Озгерюш',5,63,0),(642,'c.Первомайское',5,63,0),(643,'c.Таш-Кудук',5,63,0),(644,'c.Туйте',5,63,0),(645,'c.Ынтымак',5,63,0),(646,'c.Ак-Башат',5,64,0),(647,'c.Ак-Жар',5,64,0),(648,'c.Аманбаево',5,64,0),(649,'c.Арчагул',5,64,0),(650,'c.Бакыян',5,64,0),(651,'c.Бейшеке',5,64,0),(652,'c.Джоон-Дебе',5,64,0),(653,'c.Кара-Буура',5,64,0),(654,'c.Кара-Сай',5,64,0),(655,'c.Кек-Сай',5,64,0),(656,'c.Кызыл-Адыр',5,64,0),(657,'c.Суулу-Маймак',5,64,0),(658,'c.Уч-Булак',5,64,0),(659,'c.Чон-Кара-Буура',5,64,0),(660,'c.Чымгент',5,64,0),(661,'c.Шекер',5,64,0),(662,'ПГТМаймак',5,64,0),(663,'c.Арал',5,65,0),(664,'c.Каинды',5,65,0),(665,'c.Кара-Арча',5,65,0),(666,'c.Кызыл-Джылдыз',5,65,0),(667,'c.Майское',5,65,0),(668,'c.Манас',5,65,0),(669,'c.Покровка',5,65,0),(670,'c.Уч-Коргон',5,65,0),(671,'c.Ак-Джар',5,66,0),(672,'c.Ак-Коргон',5,66,0),(673,'c.Арал',5,66,0),(674,'c.Арашан',5,66,0),(675,'c.Балбал',5,66,0),(676,'c.Джон-Арык',5,66,0),(677,'c.Калба',5,66,0),(678,'c.Кара-ой',5,66,0),(679,'c.Кара-Суу',5,66,0),(680,'c.Кек-Кашат',5,66,0),(681,'c.Кек-Токой',5,66,0),(682,'c.Кенеш',5,66,0),(683,'c.Кепюре-Базар',5,66,0),(684,'c.Козучак',5,66,0),(685,'c.Кок-Ой',5,66,0),(686,'c.Кум-Арык',5,66,0),(687,'c.Кызыл-Туу',5,66,0),(688,'c.Манас',5,66,0),(689,'c.Орто-Арык',5,66,0),(690,'c.Сасык-Булак',5,66,0),(691,'c.Таш-Арык',5,66,0),(692,'c.Уч-Эмгек',5,66,0),(693,'c.Чат-Базар',5,66,0),(694,'c.Чон-Токой',5,66,0),(695,'c.Ак-Джол',5,67,0),(696,'c.Ак-Суу',5,67,0),(697,'c.Джаны-Джол',5,67,0),(698,'c.Кара-Джыгач',5,67,0),(699,'c.Кара-Суу',5,67,0),(700,'c.Кош-Добо',5,67,0),(701,'c.Уч-Коргон',5,67,0),(702,'г.Кербен',5,67,0),(703,'c.Айры-Там',5,68,0),(704,'c.Ак-Коргон',5,68,0),(705,'c.Ала-Бука',5,68,0),(706,'c.Баймак',5,68,0),(707,'c.Достук',5,68,0),(708,'c.Келте',5,68,0),(709,'c.Орукту',5,68,0),(710,'c.Оруктусай',5,68,0),(711,'c.Ызар',5,68,0),(712,'c.Акман',5,69,0),(713,'c.Арсланбоб',5,69,0),(714,'c.Базар-Коргон',5,69,0),(715,'c.Бешик-Джон',5,69,0),(716,'c.Кенеш',5,69,0),(717,'c.Кызыл-Ункюр',5,69,0),(718,'c.Могол',5,69,0),(719,'c.Сайдыкум',5,69,0),(720,'c.Талдyy-Булак',5,69,0),(721,'c.Алма',5,70,0),(722,'c.Бюргендю',5,70,0),(723,'c.Кочкор-Ата',5,70,0),(724,'c.Массы',5,70,0),(725,'c.Момбеково',5,70,0),(726,'c.Ноокен',5,70,0),(727,'c.Сакалды',5,70,0),(728,'c.Арал',5,71,0),(729,'c.Атабеков',5,71,0),(730,'c.Багыш',5,71,0),(731,'c.Барпы',5,71,0),(732,'c.Благовещенка',5,71,0),(733,'c.Джаны-Джер',5,71,0),(734,'c.Джар-Кыштак',5,71,0),(735,'c.Джийде Атабеков',5,71,0),(736,'c.Достук',5,71,0),(737,'c.Жоонкунгой',5,71,0),(738,'c.Калмак-Кырчын',5,71,0),(739,'c.Камыш-Башы',5,71,0),(740,'c.Кара-Алма',5,71,0),(741,'c.Кара-Булак',5,71,0),(742,'c.Кара-Дарыя',5,71,0),(743,'c.Кедей-Арык',5,71,0),(744,'c.Кок-Арт',5,71,0),(745,'c.Комсомол',5,71,0),(746,'c.Курманбек',5,71,0),(747,'c.Кыз-Кель',5,71,0),(748,'c.Кызыл-Туу',5,71,0),(749,'c.Ленинское',5,71,0),(750,'c.Масадан',5,71,0),(751,'c.Мундуз',5,71,0),(752,'c.Октябрьское',5,71,0),(753,'c.Орток',5,71,0),(754,'c.Сай',5,71,0),(755,'c.Саты',5,71,0),(756,'c.Сафаровка',5,71,0),(757,'c.Сузак',5,71,0),(758,'c.Таш-Булак',5,71,0),(759,'c.Теш',5,71,0),(760,'c.Тюрк-Абад',5,71,0),(761,'c.Чеке-Дебе',5,71,0),(762,'c.Ширин',5,71,0),(763,'c.Ырыс',5,71,0),(764,'г.Кок-Жангак',5,71,0),(765,'с.Сузак',5,71,0),(766,'c.Арал',5,72,0),(767,'c.Атай',5,72,0),(768,'c.Бирдик',5,72,0),(769,'c.Дедемель',5,72,0),(770,'c.Им.Карла Маркса',5,72,0),(771,'c.Им.Ленина',5,72,0),(772,'c.Казарман',5,72,0),(773,'c.Кара-Суу',5,72,0),(774,'c.Кош-Булак',5,72,0),(775,'c.Табылгыты',5,72,0),(776,'c.Чет-Булак',5,72,0),(777,'c.Джаны-Джол',5,73,0),(778,'c.Кетерме',5,73,0),(779,'c.Кетмен-Тобо',5,73,0),(780,'c.Терек-Суу',5,73,0),(781,'c.Токтогул',5,73,0),(782,'c.Чолпон-Ата',5,73,0),(783,'c.Айгыр-Джал',5,74,0),(784,'c.Ак-Таш',5,74,0),(785,'c.Башкы-Терек',5,74,0),(786,'c.Джаны-Базар',5,74,0),(787,'c.Жер-Капчыгай',5,74,0),(788,'c.Каныш-Кыя',5,74,0),(789,'c.Коргон-Сай',5,74,0),(790,'c.Курулуш',5,74,0),(791,'c.Кызыл-Токой',5,74,0),(792,'c.Чакмаксуу',5,74,0),(793,'c.Шакафтар',5,74,0),(794,'ПГТСумсар',5,74,0),(795,'ПГТТерек-Сай',5,74,0),(796,'с.Бала-Саруу',5,65,0),(797,'с.Кен-Арал',5,66,0);
INSERT IGNORE INTO `addable_titles` VALUES (3,'Баткенская область',14,NULL,0),(11,'с. Кара-Булак',5,12,0),(12,'Баткенский район',4,3,0),(13,'Ыссык-Кульская область',14,NULL,0),(14,'Чуйская область',14,NULL,0),(15,'Нарынская область',14,NULL,0),(16,'Ошская область',14,NULL,0),(17,'Таласская область',14,NULL,0),(18,'Джалал-Абадская область',14,NULL,0),(19,'г. Бишкек',5,14,0),(20,'г. Ош',5,16,0),(21,'г. Талас',5,17,0),(22,'г. Токмок',5,14,0),(23,'г. Нарын',5,15,0),(24,'г. Каракол',5,13,0),(25,'г. Балыкчи',5,13,0),(26,'г. Таш-Кумыр',5,18,0),(27,'г. Джалал-Абад',5,18,0),(28,'г. Кара-Куль',5,18,0),(29,'г. Майлуу-Суу',5,18,0),(30,'г. Баткен',5,3,0),(31,'г. Кызыл-Кия',5,3,0),(32,'г. Сулюкта',5,3,0),(33,'г. Узген',5,16,0),(34,'ПГТ Шамалды-Сай',5,18,0),(36,'Кадамжайский район',4,3,0),(37,'Лейлекский район',4,3,0),(38,'Ак-Суйский район',4,13,0),(39,'Джети-Огузский район',4,13,0),(40,'Тонский район',4,13,0),(41,'Тюпский район',4,13,0),(42,'Ыссык-Кульский район',4,13,0),(43,'Аламудунский район',4,14,0),(44,'Жайылский район',4,14,0),(45,'Кеминский район',4,14,0),(46,'Московский район',4,14,0),(47,'Панфиловский район',4,14,0),(48,'Сокулукский район',4,14,0),(49,'Чуйский район',4,14,0),(50,'Ысыкатинский район',4,14,0),(51,'Ак-Талинский район',4,15,0),(52,'Ат-Башынский район',4,15,0),(53,'Жумгальский район',4,15,0),(54,'Кочкорский район',4,15,0),(55,'Нарынский район',4,15,0),(56,'Алайский район',4,16,0),(57,'Араванский район',4,16,0),(58,'Кара-Кулджинский район',4,16,0),(59,'Карасууский район',4,16,0),(60,'Ноокатский район',4,16,0),(61,'Узгенский район',4,16,0),(62,'Чон-Алайский район',4,16,0),(63,'Бакай-Атинский район',4,17,0),(64,'Кара-Бууринский район',4,17,0),(65,'Манасский район',4,17,0),(66,'Таласский район',4,17,0),(67,'Аксыйский район',4,18,0),(68,'Ала-Букинский район',4,18,0),(69,'Базар-Коргонский район',4,18,0),(70,'Ноокенский район',4,18,0),(71,'Сузакский район',4,18,0),(72,'Тогуз-Тороуский район',4,18,0),(73,'Токтогульский район',4,18,0),(74,'Чаткальский район',4,18,0),(75,'c.Ак-Сай',5,12,0),(76,'c.Ак-Татыр',5,12,0),(77,'c.Дара',5,12,0),(78,'c.Кара-Бак',5,12,0),(80,'c.Кызыл-Бель',5,12,0),(81,'c.Кыштут',5,12,0),(82,'c.Самаркандык',5,12,0),(83,'c.Суу-Башы',5,12,0),(84,'c.Тор-Гул',5,12,0),(85,'c.Чет-Кызыл',5,12,0),(87,'c.Абсамат',5,36,0),(88,'c.Ак-Турпак',5,36,0),(89,'c.Алга',5,36,0),(90,'c.Жаныжер',5,36,0),(91,'c.Жолдошова',5,36,0),(92,'c.Исамариам',5,36,0),(93,'c.Кара-Джыгач',5,36,0),(94,'c.Кара-Добо',5,36,0),(95,'c.Каракыштак',5,36,0),(96,'c.Кызыл-Булак',5,36,0),(97,'c.Кызыл-Коргон',5,36,0),(98,'c.Кыргыз-Кыштак',5,36,0),(99,'c.Майдан',5,36,0),(100,'c.Марказ',5,36,0),(101,'c.Масалиев',5,36,0),(102,'c.Минчынар',5,36,0),(103,'c.Ноогардан',5,36,0),(104,'c.Ормош',5,36,0),(105,'c.Орозбеково',5,36,0),(106,'c.Орукзар',5,36,0),(107,'c.Сарыалтын',5,36,0),(108,'c.Уч-Коргон',5,36,0),(109,'c.Халмион',5,36,0),(110,'c.Чаувай',5,36,0),(111,'c.Шыбран',5,36,0),(112,'ПГТАйдаркен',5,36,0),(113,'ПГТКадамжай',5,36,0),(114,'c.Ак-Суу',5,37,0),(115,'c.Андарак',5,37,0),(116,'c.Бешкент',5,37,0),(117,'c.Жаныжер',5,37,0),(118,'c.Катран',5,37,0),(119,'c.Кулунду',5,37,0),(120,'c.Лейлек',5,37,0),(121,'c.Маргун',5,37,0),(122,'c.Тогуз-Булак',5,37,0),(123,'г.Исфана',5,37,0),(124,'c.Ак-Булун',5,38,0),(125,'c.Берю-Баш',5,38,0),(126,'c.Боз-Булун',5,38,0),(127,'c.Боз-Учук',5,38,0),(128,'c.Джол-Колот',5,38,0),(129,'c.Джылдыз',5,38,0),(130,'c.Кара-Джал',5,38,0),(131,'c.Каракол',5,38,0),(132,'c.Качыбек',5,38,0),(133,'c.Кереге-Таш',5,38,0),(134,'c.Курбу',5,38,0),(135,'c.Новознесеновка',5,38,0),(136,'c.Октябрьское',5,38,0),(137,'c.Орлиное',5,38,0),(138,'c.Отрадное',5,38,0),(139,'c.Сары-камыш',5,38,0),(140,'c.Советское',5,38,0),(141,'c.Тегизчил',5,38,0),(142,'c.Тепке',5,38,0),(143,'c.Теплоключенка',5,38,0),(144,'c.Уч-Кайнар',5,38,0),(145,'c.Челпек',5,38,0),(146,'c.Черик',5,38,0),(147,'c.Чолпон',5,38,0),(148,'ПГТЖыргалан',5,38,0),(149,'c.Ак-Дебе',5,39,0),(150,'c.Ак-Терек',5,39,0),(151,'c.Ак-Шыйрак',5,39,0),(152,'c.Алкым',5,39,0),(153,'c.Ан-Остен',5,39,0),(154,'c.Барскоон',5,39,0),(155,'c.Богатыровка',5,39,0),(156,'c.Боз-Бешик',5,39,0),(157,'c.Даркан',5,39,0),(158,'c.Джеле-Дебе',5,39,0),(159,'c.Джениш',5,39,0),(160,'c.Джети-Огуз',5,39,0),(161,'c.Джон-Булак',5,39,0),(162,'c.Жалыз-Орюк',5,39,0),(163,'c.Ичке-Булун',5,39,0),(164,'c.Кабак',5,39,0),(165,'c.Кичи-Джаргылчак',5,39,0),(166,'c.Кызыл-Суу',5,39,0),(167,'c.Липенка',5,39,0),(168,'c.Оргочор',5,39,0),(169,'c.Саруу',5,39,0),(170,'c.Светлая Поляна',5,39,0),(171,'c.Тамга',5,39,0),(172,'c.Тилекмат',5,39,0),(173,'c.Тосор',5,39,0),(174,'c.Чон-Джаргылчак',5,39,0),(175,'c.Чырак',5,39,0),(176,'c.Ырдык',5,39,0),(177,'c.Ак-Олен',5,40,0),(178,'c.Ак-Сай',5,40,0),(179,'c.Ала-Баш',5,40,0),(180,'c.Бар-Булак',5,40,0),(181,'c.Боконбаево',5,40,0),(182,'c.Ден-Талаа',5,40,0),(183,'c.Джер-Уй',5,40,0),(184,'c.Кара-Коо',5,40,0),(185,'c.Кек-Мойнок-Первое',5,40,0),(186,'c.Кек-Сай',5,40,0),(187,'c.Кель-Тер',5,40,0),(188,'c.Конур-Олен',5,40,0),(189,'c.Кызыл-Туу',5,40,0),(190,'c.Темир-Канат',5,40,0),(191,'c.Терт-Куль',5,40,0),(192,'c.Тогуз-Булак',5,40,0),(193,'c.Тон',5,40,0),(194,'c.Эшперево',5,40,0),(195,'ПГТКаджи-Сай',5,40,0),(196,'c.Арал',5,41,0),(197,'c.Балбай',5,41,0),(198,'c.Бирлик',5,41,0),(199,'c.Джылуу-Булак',5,41,0),(200,'c.Долон',5,41,0),(201,'c.Ичке-Суу',5,41,0),(202,'c.Кен-Суу',5,41,0),(203,'c.Кеочю',5,41,0),(204,'c.Кичи-Орюктю',5,41,0),(205,'c.Корумду',5,41,0),(206,'c.Кутургу',5,41,0),(207,'c.Кюрментю',5,41,0),(208,'c.Михайловка',5,41,0),(209,'c.Ой-Булак',5,41,0),(210,'c.Ой-Тал',5,41,0),(211,'c.Сан-Таш',5,41,0),(212,'c.Тасма',5,41,0),(213,'c.Тогуз-Булак',5,41,0),(214,'c.Токтоян',5,41,0),(215,'c.Толды-Суу',5,41,0),(216,'c.Тюп',5,41,0),(217,'c.Чон-Таш',5,41,0),(218,'c.Чон-Тогуз-Бай',5,41,0),(219,'c.Ыссык-Кель',5,41,0),(220,'ПГТАк-Булак',5,41,0),(221,'c.Ананьево',5,42,0),(222,'c.Баетовка',5,42,0),(223,'c.Бактуу-Долоноту',5,42,0),(224,'c.Бостери Мамытова',5,42,0),(225,'c.Григорьевка',5,42,0),(226,'c.Жаркынбаево',5,42,0),(227,'c.Кара-ой',5,42,0),(228,'c.Кароол-Дебе',5,42,0),(229,'c.Кашат',5,42,0),(230,'c.Кек-Дебе',5,42,0),(231,'c.Коджояр',5,42,0),(232,'c.Корумду',5,42,0),(233,'c.Орнек',5,42,0),(234,'c.Орто-Орюктю',5,42,0),(235,'c.Орюктю-Хутор',5,42,0),(236,'c.Сары-камыш',5,42,0),(237,'c.Сары-Ой',5,42,0),(238,'c.Семеновка',5,42,0),(239,'c.Тамчы',5,42,0),(240,'c.Темировка',5,42,0),(241,'c.Тору-Айгыр',5,42,0),(242,'c.Чок-Тал',5,42,0),(243,'c.Чон-Орюктю',5,42,0),(244,'c.Чон-Сары-Ой',5,42,0),(245,'c.Чырпыкты',5,42,0),(246,'г.Чолпон-Ата',5,42,0),(247,'c.Аламудун',5,43,0),(248,'c.Арашан',5,43,0),(249,'c.Арчалы',5,43,0),(250,'c.Байтик',5,43,0),(251,'c.Баш-Кара-Суу',5,43,0),(252,'c.Беш-Кюнгей',5,43,0),(253,'c.Васильевка',5,43,0),(254,'c.Виноградное',5,43,0),(255,'c.Восток',5,43,0),(256,'c.Горная Маевка',5,43,0),(257,'c.Гроздь',5,43,0),(258,'c.Дачное',5,43,0),(259,'c.Кайырма',5,43,0),(260,'c.Кара-Джыгач',5,43,0),(261,'c.Кашка-Суу',5,43,0),(262,'c.Кек-Джар',5,43,0),(263,'c.Лебединовка',5,43,0),(264,'c.Ленинское',5,43,0),(265,'c.Маевка',5,43,0),(266,'c.Мраморное',5,43,0),(267,'c.Нижняя Ала-Арча',5,43,0),(268,'c.Озерное',5,43,0),(269,'c.Октябрьское',5,43,0),(270,'c.Пригородное',5,43,0),(271,'c.Степное',5,43,0),(272,'c.Таш-Дебе',5,43,0),(273,'c.Ак-Башат',5,44,0),(274,'c.Алексеевка',5,44,0),(275,'c.Алтын',5,44,0),(276,'c.Бекитай',5,44,0),(277,'c.Джекен',5,44,0),(278,'c.Джон-Арык',5,44,0),(279,'c.Жайыл',5,44,0),(280,'c.Ийри-Суу',5,44,0),(281,'c.Кара-Дебе',5,44,0),(282,'c.Кара-Суу',5,44,0),(283,'c.Кожомкул',5,44,0),(284,'c.Кызыл-Дыйкан',5,44,0),(285,'c.Кызыл-Ой',5,44,0),(286,'c.Малтабар',5,44,0),(287,'c.Новониколаевка',5,44,0),(288,'c.Орто-Суу',5,44,0),(289,'c.Первое Мая',5,44,0),(290,'c.Петропавловка',5,44,0),(291,'c.Полтавка',5,44,0),(292,'c.Сары-Булак',5,44,0),(293,'c.Сосновка',5,44,0),(294,'c.Ставрополовка',5,44,0),(295,'c.Степное',5,44,0),(296,'c.Суусамыр',5,44,0),(297,'c.Тунук',5,44,0),(298,'c.Эриктуу',5,44,0),(299,'г.Кара-Балта',5,44,0),(300,'c.Алмалуу',5,45,0),(301,'c.Бейшеке',5,45,0),(302,'c.Белый-Пикет',5,45,0),(303,'c.Боролдой',5,45,0),(304,'c.Джаны-Алыш',5,45,0),(305,'c.Ильичевское',5,45,0),(306,'c.Кара-Булак',5,45,0),(307,'c.Кароол-Дебе',5,45,0),(308,'c.Кичи-Кемин',5,45,0),(309,'c.Кызыл-Байрак',5,45,0),(310,'c.Кызыл-Октябрь',5,45,0),(311,'c.Кызыл-Суу',5,45,0),(312,'c.Новомихайловка',5,45,0),(313,'c.Самансур',5,45,0),(314,'c.Советское',5,45,0),(315,'c.Тар-Суу',5,45,0),(316,'c.Тегирменти',5,45,0),(317,'c.Шабдан',5,45,0),(318,'ПГТАк-Тюз',5,45,0),(319,'ПГТКемин',5,45,0),(321,'ПГТОрловка',5,45,0),(322,'с.Каинды',5,45,0),(323,'с.Чым-Коргон',5,45,0),(324,'c.Ак-Cуу',5,46,0),(325,'c.Ак-Башат',5,46,0),(326,'c.Ак-Торпок',5,46,0),(327,'c.Александровка',5,46,0),(328,'c.Ан-Арык',5,46,0),(329,'c.Беловодское',5,46,0),(330,'c.Беш-Орюк',5,46,0),(331,'c.Беш-Терек',5,46,0),(332,'c.Заря',5,46,0),(333,'c.Кепер-Арык',5,46,0),(334,'c.Кош-Дебе',5,46,0),(335,'c.Крупское',5,46,0),(336,'c.Кыз-Моло',5,46,0),(337,'c.Мураке',5,46,0),(338,'c.Петровка',5,46,0),(339,'c.Предтеченка',5,46,0),(340,'c.Садовое',5,46,0),(341,'c.Спартак',5,46,0),(342,'c.Сретенка',5,46,0),(343,'c.Телек',5,46,0),(344,'c.Темен-Суу',5,46,0),(345,'c.Чон-Арык',5,46,0),(346,'c.Букара',5,47,0),(347,'c.Вознесеновка',5,47,0),(348,'c.Джайылма',5,47,0),(349,'c.Им.Кирова',5,47,0),(350,'c.Им.Тельмана',5,47,0),(351,'c.Кум-Арык',5,47,0),(352,'c.Кюрпюльдек',5,47,0),(353,'c.Октябрьское',5,47,0),(354,'c.Орто-Арык',5,47,0),(355,'c.Панфиловское',5,47,0),(356,'c.Первомайское',5,47,0),(357,'c.Ровное',5,47,0),(358,'c.Чалдыбар',5,47,0),(359,'c.Эркин-Сай',5,47,0),(360,'c.Эфиронос',5,47,0),(361,'ПГТКаинды',5,47,0),(363,'c.Ак-Джол',5,48,0),(364,'c.Арал Ближний',5,48,0),(365,'c.Арал Дальний',5,48,0),(366,'c.Асылбаш',5,48,0),(367,'c.Белек',5,48,0),(368,'c.Военно-Антоновка',5,48,0),(369,'c.Гавриловка',5,48,0),(370,'c.Джаны-Джер',5,48,0),(371,'c.Джаны-Пахта',5,48,0),(372,'c.Им.Фрунзе',5,48,0),(373,'c.Калтар',5,48,0),(374,'c.Камышановка',5,48,0),(375,'c.Кунтуу',5,48,0),(376,'c.Кызыл-Туу',5,48,0),(377,'c.Нижнечуйское',5,48,0),(378,'c.Новопавловка',5,48,0),(379,'c.Первомайское',5,48,0),(380,'c.Саз',5,48,0),(381,'c.Сокулук',5,48,0),(382,'c.Тош-Булак',5,48,0),(383,'c.Чат-Кель',5,48,0),(384,'г.Шопоков',5,48,0),(385,'с.Манас',5,48,0),(386,'с.Селекционное',5,48,0),(387,'с.Тюзь',5,48,0),(388,'c.Ак-Бешим',5,49,0),(389,'c.Арпа-Тектир',5,49,0),(390,'c.Бала-Айылчи',5,49,0),(391,'c.Ден-Арык',5,49,0),(392,'c.Искра',5,49,0),(393,'c.Калыгул',5,49,0),(394,'c.Кара-Дебе',5,49,0),(395,'c.Кегети',5,49,0),(396,'c.Кош-Коргон',5,49,0),(397,'c.Кошой',5,49,0),(398,'c.Ленин-Джол',5,49,0),(399,'c.Мээнеткеч',5,49,0),(400,'c.Онбир-Джылга',5,49,0),(401,'c.Прогресс',5,49,0),(402,'c.Садовое',5,49,0),(403,'c.Сайлык',5,49,0),(404,'c.Советское',5,49,0),(405,'c.Чуй',5,49,0),(406,'c.Ак-Кудук',5,50,0),(407,'c.Алмалуу',5,50,0),(408,'c.Бирдик',5,50,0),(409,'c.Буденновка',5,50,0),(410,'c.Гидростроитель',5,50,0),(411,'c.Джер-Казар',5,50,0),(412,'c.Джээк',5,50,0),(413,'c.Дмитриевка',5,50,0),(414,'c.Ивановка',5,50,0),(415,'c.Интернациональное',5,50,0),(416,'c.Карагай-Булак',5,50,0),(417,'c.Кен-Булун',5,50,0),(418,'c.Кенеш',5,50,0),(419,'c.Кировское',5,50,0),(420,'c.Киршелк',5,50,0),(421,'c.Красная Речка',5,50,0),(422,'c.Люксембург',5,50,0),(423,'c.Милянфан',5,50,0),(424,'c.Новопокровка',5,50,0),(425,'c.Норус',5,50,0),(426,'c.Нурманбет',5,50,0),(427,'c.Отогон',5,50,0),(428,'c.Рот-Фронт',5,50,0),(429,'c.Сары-Джон',5,50,0),(430,'c.Сын-Таш',5,50,0),(431,'c.Тогуз-Булак',5,50,0),(432,'c.Уч-Эмчек',5,50,0),(433,'c.Чон-Далы',5,50,0),(434,'г.Кант',5,50,0),(435,'c.Ак-Кыя',5,51,0),(436,'c.Ак-Тал',5,51,0),(437,'c.Ак-Чий',5,51,0),(438,'c.Баетово',5,51,0),(439,'c.Байгенчек',5,51,0),(440,'c.Джаны-Талап',5,51,0),(441,'c.Жерге-Тал',5,51,0),(442,'c.Кадыралы',5,51,0),(443,'c.Каиынды-Булак',5,51,0),(444,'c.Кара-Бюрген',5,51,0),(445,'c.Кара-ой',5,51,0),(446,'c.Конорчок',5,51,0),(447,'c.Кош-Дебе',5,51,0),(448,'c.Терек',5,51,0),(449,'c.Угют',5,51,0),(450,'c.Ак-Джар',5,52,0),(451,'c.Ак-Муз',5,52,0),(452,'c.Ат-Башы',5,52,0),(453,'c.Бирдик',5,52,0),(454,'c.Джаны-Кюч',5,52,0),(455,'c.Дыйкан',5,52,0),(456,'c.Казыбек',5,52,0),(457,'c.Кара-Булун',5,52,0),(458,'c.Кара-Суу',5,52,0),(459,'c.Кызыл-Туу',5,52,0),(460,'c.Озгерюш',5,52,0),(461,'c.Ой-Терскен',5,52,0),(462,'c.Первомайское',5,52,0),(463,'c.Талды-Суу',5,52,0),(464,'с.Большевик',5,52,0),(465,'c.Ак-Татыр',5,53,0),(466,'c.Арал',5,53,0),(467,'c.Байзак',5,53,0),(468,'c.Баш-Кууганды',5,53,0),(469,'c.Беш-Терек',5,53,0),(470,'c.Джаны-Арык',5,53,0),(471,'c.Джумгал',5,53,0),(472,'c.Кек-Ой',5,53,0),(473,'c.Котур-Суу',5,53,0),(474,'c.Куйручук',5,53,0),(475,'c.Кызыл-Джылдыз',5,53,0),(476,'c.Табылгыты',5,53,0),(477,'c.Тюгель-Сай',5,53,0),(478,'c.Чаек',5,53,0),(479,'c.Эпкин',5,53,0),(480,'ПГТМин-Куш',5,53,0),(481,'с.Чон-Добо',5,53,0),(482,'с.Кызарт',5,53,0),(483,'с.Лама.',5,53,0),(484,'с.Таш-Добо',5,53,0),(485,'c.Ак-Джар',5,54,0),(486,'c.Ак-Кыя',5,54,0),(487,'c.Ак-Талаа',5,54,0),(488,'c.Ара-Кель',5,54,0),(489,'c.Арсы',5,54,0),(490,'c.Ден-Алыш',5,54,0),(491,'c.Джаны-Джол',5,54,0),(492,'c.Кара-Кюнгей',5,54,0),(493,'c.Кара-Мойнок',5,54,0),(494,'c.Кара-Саз',5,54,0),(495,'c.Кара-Суу',5,54,0),(496,'c.Кара-Тоо',5,54,0),(497,'c.Кок-Джар',5,54,0),(498,'c.Комсомол',5,54,0),(499,'c.Кочкорка',5,54,0),(500,'c.Кум-Дебе',5,54,0),(501,'c.Кызыл-Дебе',5,54,0),(502,'c.Орток',5,54,0),(503,'c.Сары-Булак',5,54,0),(504,'c.Семиз-Бель',5,54,0),(505,'c.Телек',5,54,0),(506,'c.Туз',5,54,0),(507,'c.Чекилдек',5,54,0),(508,'c.Чолпон',5,54,0),(509,'c.Шамшы',5,54,0),(510,'c.Эпкин',5,54,0),(511,'c.Айри-Суу',5,55,0),(512,'c.Ак-Булун',5,55,0),(513,'c.Ак-Кудук',5,55,0),(514,'c.Ак-Кыя',5,55,0),(515,'c.Ак-Талаа',5,55,0),(516,'c.Алыш',5,55,0),(517,'c.Восьмое-Марта',5,55,0),(518,'c.Дебелюу',5,55,0),(519,'c.Джалгыз-Терек',5,55,0),(520,'c.Джан-Булак',5,55,0),(521,'c.Джергетал',5,55,0),(522,'c.Джер-Кечкю',5,55,0),(523,'c.Жылан-Арык',5,55,0),(524,'c.Казан-Куйган',5,55,0),(525,'c.Кайынды',5,55,0),(526,'c.Куланак',5,55,0),(527,'c.Кызыл-Джылдыз',5,55,0),(528,'c.Лакол',5,55,0),(529,'c.Мин-Булак',5,55,0),(530,'c.Орто-Саз',5,55,0),(531,'c.Орюк-Там',5,55,0),(532,'c.Таш-Башат',5,55,0),(533,'c.Учкун',5,55,0),(534,'c.Шоро',5,55,0),(535,'c.Эки-Нарын',5,55,0),(536,'c.Эмгек-Талаа',5,55,0),(537,'c.Эмгекчил',5,55,0),(538,'c.Эчки-Башы',5,55,0),(539,'ПГТДостук',5,55,0),(540,'с.Кенеш',5,55,0),(541,'c.Алайское',5,56,0),(542,'c.Будалык',5,56,0),(543,'c.Кичи-Бюлелю',5,56,0),(544,'c.Мурдаш',5,56,0),(545,'c.Нура',5,56,0),(546,'c.Сопу-Коргон',5,56,0),(547,'c.Уч-Тобонский',5,56,0),(548,'ПГТСары-Таш',5,56,0),(549,'c.А.Анарова',5,57,0),(550,'c.Араван',5,57,0),(551,'c.Керме-Тоо',5,57,0),(552,'c.Мангит',5,57,0),(553,'c.Нурабад',5,57,0),(554,'c.С.Юсупова',5,57,0),(555,'c.Тепе-Коргон',5,57,0),(556,'c.Туя-Моюн',5,57,0),(557,'c.Чек-Абад',5,57,0),(558,'С.Юсупова',5,57,0),(559,'c.Алайку',5,58,0),(560,'c.Ылай-Талаа',5,58,0),(561,'c.Кызыл-Джар',5,58,0),(562,'c.Ак-Кыя',5,58,0),(563,'c.Капчыгай',5,58,0),(564,'c.Карагуз',5,58,0),(565,'c.Кара-Кочкор',5,58,0),(566,'c.Кара-Кульджа',5,58,0),(567,'c.Кашка-Джол',5,58,0),(568,'c.Кенеш',5,58,0),(569,'c.Кызыл-Булак',5,58,0),(570,'c.Ой-Тал',5,58,0),(571,'c.Сары-Булак',5,58,0),(572,'c.Тоготой',5,58,0),(573,'c.Чалма',5,58,0),(574,'c.Ак-Таш',5,59,0),(575,'c.Баш-Булак',5,59,0),(576,'c.Гайрат',5,59,0),(577,'c.Жаны-Арык',5,59,0),(578,'c.Жоош',5,59,0),(579,'c.Кашгар-Кыштак',5,59,0),(580,'c.Кызыл-Кыштак',5,59,0),(581,'c.Мады',5,59,0),(582,'c.Нариман',5,59,0),(583,'c.Отуз-Адыр',5,59,0),(584,'c.Папан',5,59,0),(585,'c.Савай',5,59,0),(586,'c.Сарай',5,59,0),(587,'c.Сары-Колот',5,59,0),(588,'c.Телейкен',5,59,0),(589,'c.Чайчи',5,59,0),(590,'c.Шарк',5,59,0),(591,'г.Карасу',5,59,0),(592,'c.Бель-Кайрагач',5,60,0),(593,'c.Гюльстан',5,60,0),(594,'c.Джаны-Базар',5,60,0),(595,'c.Джаны-Ноокат',5,60,0),(596,'c.Исанов',5,60,0),(597,'c.Кара-Таш',5,60,0),(598,'c.Кек-Джар',5,60,0),(599,'c.Кенеш',5,60,0),(600,'c.Кок-Бель',5,60,0),(601,'c.Кулатов',5,60,0),(602,'c.Кыргыз-Ата',5,60,0),(603,'c.Мирмахмудова',5,60,0),(604,'c.Он Эки-Бель',5,60,0),(605,'c.Тоолос',5,60,0),(606,'c.Учбай',5,60,0),(607,'c.Ынтымак',5,60,0),(608,'г.Ноокат',5,60,0),(609,'c.Ак-Жар',5,61,0),(610,'c.Алтын-Булак',5,61,0),(611,'c.Баш-Добо',5,61,0),(612,'c.Джыланды',5,61,0),(613,'c.Дон-Булак',5,61,0),(614,'c.Жазы',5,61,0),(615,'c.Жалпак-Таш',5,61,0),(616,'c.Заргер',5,61,0),(617,'c.Ийри-Суу',5,61,0),(618,'c.Кароол',5,61,0),(619,'c.Колдук',5,61,0),(620,'c.Куршаб',5,61,0),(621,'c.Кызыл-Октябрь',5,61,0),(622,'c.Кызыл-Тоо',5,61,0),(623,'c.Мырза-Аке',5,61,0),(624,'c.Саламалик',5,61,0),(625,'c.Торт-Кол',5,61,0),(626,'c.Чангет',5,61,0),(627,'c.Шералы',5,61,0),(628,'c.Жекенди',5,62,0),(629,'c.Кашка-Суу',5,62,0),(630,'c.Чон-Алай',5,62,0),(631,'c.Шибээ',5,62,0),(632,'c.Бакай-Ата',5,63,0),(633,'c.Боо-Терек',5,63,0),(634,'c.Кек-Таш',5,63,0),(635,'c.Кен-Арал',5,63,0),(636,'c.Кызыл-Октябрь',5,63,0),(637,'c.Кызыл-Сай',5,63,0),(638,'c.Кыргызстан',5,63,0),(639,'c.Маданият',5,63,0),(640,'c.Мин-Булак',5,63,0),(641,'c.Озгерюш',5,63,0),(642,'c.Первомайское',5,63,0),(643,'c.Таш-Кудук',5,63,0),(644,'c.Туйте',5,63,0),(645,'c.Ынтымак',5,63,0),(646,'c.Ак-Башат',5,64,0),(647,'c.Ак-Жар',5,64,0),(648,'c.Аманбаево',5,64,0),(649,'c.Арчагул',5,64,0),(650,'c.Бакыян',5,64,0),(651,'c.Бейшеке',5,64,0),(652,'c.Джоон-Дебе',5,64,0),(653,'c.Кара-Буура',5,64,0),(654,'c.Кара-Сай',5,64,0),(655,'c.Кек-Сай',5,64,0),(656,'c.Кызыл-Адыр',5,64,0),(657,'c.Суулу-Маймак',5,64,0),(658,'c.Уч-Булак',5,64,0),(659,'c.Чон-Кара-Буура',5,64,0),(660,'c.Чымгент',5,64,0),(661,'c.Шекер',5,64,0),(662,'ПГТМаймак',5,64,0),(663,'c.Арал',5,65,0),(664,'c.Каинды',5,65,0),(665,'c.Кара-Арча',5,65,0),(666,'c.Кызыл-Джылдыз',5,65,0),(667,'c.Майское',5,65,0),(668,'c.Манас',5,65,0),(669,'c.Покровка',5,65,0),(670,'c.Уч-Коргон',5,65,0),(671,'c.Ак-Джар',5,66,0),(672,'c.Ак-Коргон',5,66,0),(673,'c.Арал',5,66,0),(674,'c.Арашан',5,66,0),(675,'c.Балбал',5,66,0),(676,'c.Джон-Арык',5,66,0),(677,'c.Калба',5,66,0),(678,'c.Кара-ой',5,66,0),(679,'c.Кара-Суу',5,66,0),(680,'c.Кек-Кашат',5,66,0),(681,'c.Кек-Токой',5,66,0),(682,'c.Кенеш',5,66,0),(683,'c.Кепюре-Базар',5,66,0),(684,'c.Козучак',5,66,0),(685,'c.Кок-Ой',5,66,0),(686,'c.Кум-Арык',5,66,0),(687,'c.Кызыл-Туу',5,66,0),(688,'c.Манас',5,66,0),(689,'c.Орто-Арык',5,66,0),(690,'c.Сасык-Булак',5,66,0),(691,'c.Таш-Арык',5,66,0),(692,'c.Уч-Эмгек',5,66,0),(693,'c.Чат-Базар',5,66,0),(694,'c.Чон-Токой',5,66,0),(695,'c.Ак-Джол',5,67,0),(696,'c.Ак-Суу',5,67,0),(697,'c.Джаны-Джол',5,67,0),(698,'c.Кара-Джыгач',5,67,0),(699,'c.Кара-Суу',5,67,0),(700,'c.Кош-Добо',5,67,0),(701,'c.Уч-Коргон',5,67,0),(702,'г.Кербен',5,67,0),(703,'c.Айры-Там',5,68,0),(704,'c.Ак-Коргон',5,68,0),(705,'c.Ала-Бука',5,68,0),(706,'c.Баймак',5,68,0),(707,'c.Достук',5,68,0),(708,'c.Келте',5,68,0),(709,'c.Орукту',5,68,0),(710,'c.Оруктусай',5,68,0),(711,'c.Ызар',5,68,0),(712,'c.Акман',5,69,0),(713,'c.Арсланбоб',5,69,0),(714,'c.Базар-Коргон',5,69,0),(715,'c.Бешик-Джон',5,69,0),(716,'c.Кенеш',5,69,0),(717,'c.Кызыл-Ункюр',5,69,0),(718,'c.Могол',5,69,0),(719,'c.Сайдыкум',5,69,0),(720,'c.Талдyy-Булак',5,69,0),(721,'c.Алма',5,70,0),(722,'c.Бюргендю',5,70,0),(723,'c.Кочкор-Ата',5,70,0),(724,'c.Массы',5,70,0),(725,'c.Момбеково',5,70,0),(726,'c.Ноокен',5,70,0),(727,'c.Сакалды',5,70,0),(728,'c.Арал',5,71,0),(729,'c.Атабеков',5,71,0),(730,'c.Багыш',5,71,0),(731,'c.Барпы',5,71,0),(732,'c.Благовещенка',5,71,0),(733,'c.Джаны-Джер',5,71,0),(734,'c.Джар-Кыштак',5,71,0),(735,'c.Джийде Атабеков',5,71,0),(736,'c.Достук',5,71,0),(737,'c.Жоонкунгой',5,71,0),(738,'c.Калмак-Кырчын',5,71,0),(739,'c.Камыш-Башы',5,71,0),(740,'c.Кара-Алма',5,71,0),(741,'c.Кара-Булак',5,71,0),(742,'c.Кара-Дарыя',5,71,0),(743,'c.Кедей-Арык',5,71,0),(744,'c.Кок-Арт',5,71,0),(745,'c.Комсомол',5,71,0),(746,'c.Курманбек',5,71,0),(747,'c.Кыз-Кель',5,71,0),(748,'c.Кызыл-Туу',5,71,0),(749,'c.Ленинское',5,71,0),(750,'c.Масадан',5,71,0),(751,'c.Мундуз',5,71,0),(752,'c.Октябрьское',5,71,0),(753,'c.Орток',5,71,0),(754,'c.Сай',5,71,0),(755,'c.Саты',5,71,0),(756,'c.Сафаровка',5,71,0),(757,'c.Сузак',5,71,0),(758,'c.Таш-Булак',5,71,0),(759,'c.Теш',5,71,0),(760,'c.Тюрк-Абад',5,71,0),(761,'c.Чеке-Дебе',5,71,0),(762,'c.Ширин',5,71,0),(763,'c.Ырыс',5,71,0),(764,'г.Кок-Жангак',5,71,0),(765,'с.Сузак',5,71,0),(766,'c.Арал',5,72,0),(767,'c.Атай',5,72,0),(768,'c.Бирдик',5,72,0),(769,'c.Дедемель',5,72,0),(770,'c.Им.Карла Маркса',5,72,0),(771,'c.Им.Ленина',5,72,0),(772,'c.Казарман',5,72,0),(773,'c.Кара-Суу',5,72,0),(774,'c.Кош-Булак',5,72,0),(775,'c.Табылгыты',5,72,0),(776,'c.Чет-Булак',5,72,0),(777,'c.Джаны-Джол',5,73,0),(778,'c.Кетерме',5,73,0),(779,'c.Кетмен-Тобо',5,73,0),(780,'c.Терек-Суу',5,73,0),(781,'c.Токтогул',5,73,0),(782,'c.Чолпон-Ата',5,73,0),(783,'c.Айгыр-Джал',5,74,0),(784,'c.Ак-Таш',5,74,0),(785,'c.Башкы-Терек',5,74,0),(786,'c.Джаны-Базар',5,74,0),(787,'c.Жер-Капчыгай',5,74,0),(788,'c.Каныш-Кыя',5,74,0),(789,'c.Коргон-Сай',5,74,0),(790,'c.Курулуш',5,74,0),(791,'c.Кызыл-Токой',5,74,0),(792,'c.Чакмаксуу',5,74,0),(793,'c.Шакафтар',5,74,0),(794,'ПГТСумсар',5,74,0),(795,'ПГТТерек-Сай',5,74,0),(796,'с.Бала-Саруу',5,65,0),(797,'с.Кен-Арал',5,66,0);
INSERT IGNORE INTO `addable_titles` VALUES (3,'Баткенская область',14,NULL,0),(11,'с. Кара-Булак',5,12,0),(12,'Баткенский район',4,3,0),(13,'Ыссык-Кульская область',14,NULL,0),(14,'Чуйская область',14,NULL,0),(15,'Нарынская область',14,NULL,0),(16,'Ошская область',14,NULL,0),(17,'Таласская область',14,NULL,0),(18,'Джалал-Абадская область',14,NULL,0),(19,'г. Бишкек',5,14,0),(20,'г. Ош',5,16,0),(21,'г. Талас',5,17,0),(22,'г. Токмок',5,14,0),(23,'г. Нарын',5,15,0),(24,'г. Каракол',5,13,0),(25,'г. Балыкчи',5,13,0),(26,'г. Таш-Кумыр',5,18,0),(27,'г. Джалал-Абад',5,18,0),(28,'г. Кара-Куль',5,18,0),(29,'г. Майлуу-Суу',5,18,0),(30,'г. Баткен',5,3,0),(31,'г. Кызыл-Кия',5,3,0),(32,'г. Сулюкта',5,3,0),(33,'г. Узген',5,16,0),(34,'ПГТ Шамалды-Сай',5,18,0),(36,'Кадамжайский район',4,3,0),(37,'Лейлекский район',4,3,0),(38,'Ак-Суйский район',4,13,0),(39,'Джети-Огузский район',4,13,0),(40,'Тонский район',4,13,0),(41,'Тюпский район',4,13,0),(42,'Ыссык-Кульский район',4,13,0),(43,'Аламудунский район',4,14,0),(44,'Жайылский район',4,14,0),(45,'Кеминский район',4,14,0),(46,'Московский район',4,14,0),(47,'Панфиловский район',4,14,0),(48,'Сокулукский район',4,14,0),(49,'Чуйский район',4,14,0),(50,'Ысыкатинский район',4,14,0),(51,'Ак-Талинский район',4,15,0),(52,'Ат-Башынский район',4,15,0),(53,'Жумгальский район',4,15,0),(54,'Кочкорский район',4,15,0),(55,'Нарынский район',4,15,0),(56,'Алайский район',4,16,0),(57,'Араванский район',4,16,0),(58,'Кара-Кулджинский район',4,16,0),(59,'Карасууский район',4,16,0),(60,'Ноокатский район',4,16,0),(61,'Узгенский район',4,16,0),(62,'Чон-Алайский район',4,16,0),(63,'Бакай-Атинский район',4,17,0),(64,'Кара-Бууринский район',4,17,0),(65,'Манасский район',4,17,0),(66,'Таласский район',4,17,0),(67,'Аксыйский район',4,18,0),(68,'Ала-Букинский район',4,18,0),(69,'Базар-Коргонский район',4,18,0),(70,'Ноокенский район',4,18,0),(71,'Сузакский район',4,18,0),(72,'Тогуз-Тороуский район',4,18,0),(73,'Токтогульский район',4,18,0),(74,'Чаткальский район',4,18,0),(75,'c.Ак-Сай',5,12,0),(76,'c.Ак-Татыр',5,12,0),(77,'c.Дара',5,12,0),(78,'c.Кара-Бак',5,12,0),(80,'c.Кызыл-Бель',5,12,0),(81,'c.Кыштут',5,12,0),(82,'c.Самаркандык',5,12,0),(83,'c.Суу-Башы',5,12,0),(84,'c.Тор-Гул',5,12,0),(85,'c.Чет-Кызыл',5,12,0),(87,'c.Абсамат',5,36,0),(88,'c.Ак-Турпак',5,36,0),(89,'c.Алга',5,36,0),(90,'c.Жаныжер',5,36,0),(91,'c.Жолдошова',5,36,0),(92,'c.Исамариам',5,36,0),(93,'c.Кара-Джыгач',5,36,0),(94,'c.Кара-Добо',5,36,0),(95,'c.Каракыштак',5,36,0),(96,'c.Кызыл-Булак',5,36,0),(97,'c.Кызыл-Коргон',5,36,0),(98,'c.Кыргыз-Кыштак',5,36,0),(99,'c.Майдан',5,36,0),(100,'c.Марказ',5,36,0),(101,'c.Масалиев',5,36,0),(102,'c.Минчынар',5,36,0),(103,'c.Ноогардан',5,36,0),(104,'c.Ормош',5,36,0),(105,'c.Орозбеково',5,36,0),(106,'c.Орукзар',5,36,0),(107,'c.Сарыалтын',5,36,0),(108,'c.Уч-Коргон',5,36,0),(109,'c.Халмион',5,36,0),(110,'c.Чаувай',5,36,0),(111,'c.Шыбран',5,36,0),(112,'ПГТАйдаркен',5,36,0),(113,'ПГТКадамжай',5,36,0),(114,'c.Ак-Суу',5,37,0),(115,'c.Андарак',5,37,0),(116,'c.Бешкент',5,37,0),(117,'c.Жаныжер',5,37,0),(118,'c.Катран',5,37,0),(119,'c.Кулунду',5,37,0),(120,'c.Лейлек',5,37,0),(121,'c.Маргун',5,37,0),(122,'c.Тогуз-Булак',5,37,0),(123,'г.Исфана',5,37,0),(124,'c.Ак-Булун',5,38,0),(125,'c.Берю-Баш',5,38,0),(126,'c.Боз-Булун',5,38,0),(127,'c.Боз-Учук',5,38,0),(128,'c.Джол-Колот',5,38,0),(129,'c.Джылдыз',5,38,0),(130,'c.Кара-Джал',5,38,0),(131,'c.Каракол',5,38,0),(132,'c.Качыбек',5,38,0),(133,'c.Кереге-Таш',5,38,0),(134,'c.Курбу',5,38,0),(135,'c.Новознесеновка',5,38,0),(136,'c.Октябрьское',5,38,0),(137,'c.Орлиное',5,38,0),(138,'c.Отрадное',5,38,0),(139,'c.Сары-камыш',5,38,0),(140,'c.Советское',5,38,0),(141,'c.Тегизчил',5,38,0),(142,'c.Тепке',5,38,0),(143,'c.Теплоключенка',5,38,0),(144,'c.Уч-Кайнар',5,38,0),(145,'c.Челпек',5,38,0),(146,'c.Черик',5,38,0),(147,'c.Чолпон',5,38,0),(148,'ПГТЖыргалан',5,38,0),(149,'c.Ак-Дебе',5,39,0),(150,'c.Ак-Терек',5,39,0),(151,'c.Ак-Шыйрак',5,39,0),(152,'c.Алкым',5,39,0),(153,'c.Ан-Остен',5,39,0),(154,'c.Барскоон',5,39,0),(155,'c.Богатыровка',5,39,0),(156,'c.Боз-Бешик',5,39,0),(157,'c.Даркан',5,39,0),(158,'c.Джеле-Дебе',5,39,0),(159,'c.Джениш',5,39,0),(160,'c.Джети-Огуз',5,39,0),(161,'c.Джон-Булак',5,39,0),(162,'c.Жалыз-Орюк',5,39,0),(163,'c.Ичке-Булун',5,39,0),(164,'c.Кабак',5,39,0),(165,'c.Кичи-Джаргылчак',5,39,0),(166,'c.Кызыл-Суу',5,39,0),(167,'c.Липенка',5,39,0),(168,'c.Оргочор',5,39,0),(169,'c.Саруу',5,39,0),(170,'c.Светлая Поляна',5,39,0),(171,'c.Тамга',5,39,0),(172,'c.Тилекмат',5,39,0),(173,'c.Тосор',5,39,0),(174,'c.Чон-Джаргылчак',5,39,0),(175,'c.Чырак',5,39,0),(176,'c.Ырдык',5,39,0),(177,'c.Ак-Олен',5,40,0),(178,'c.Ак-Сай',5,40,0),(179,'c.Ала-Баш',5,40,0),(180,'c.Бар-Булак',5,40,0),(181,'c.Боконбаево',5,40,0),(182,'c.Ден-Талаа',5,40,0),(183,'c.Джер-Уй',5,40,0),(184,'c.Кара-Коо',5,40,0),(185,'c.Кек-Мойнок-Первое',5,40,0),(186,'c.Кек-Сай',5,40,0),(187,'c.Кель-Тер',5,40,0),(188,'c.Конур-Олен',5,40,0),(189,'c.Кызыл-Туу',5,40,0),(190,'c.Темир-Канат',5,40,0),(191,'c.Терт-Куль',5,40,0),(192,'c.Тогуз-Булак',5,40,0),(193,'c.Тон',5,40,0),(194,'c.Эшперево',5,40,0),(195,'ПГТКаджи-Сай',5,40,0),(196,'c.Арал',5,41,0),(197,'c.Балбай',5,41,0),(198,'c.Бирлик',5,41,0),(199,'c.Джылуу-Булак',5,41,0),(200,'c.Долон',5,41,0),(201,'c.Ичке-Суу',5,41,0),(202,'c.Кен-Суу',5,41,0),(203,'c.Кеочю',5,41,0),(204,'c.Кичи-Орюктю',5,41,0),(205,'c.Корумду',5,41,0),(206,'c.Кутургу',5,41,0),(207,'c.Кюрментю',5,41,0),(208,'c.Михайловка',5,41,0),(209,'c.Ой-Булак',5,41,0),(210,'c.Ой-Тал',5,41,0),(211,'c.Сан-Таш',5,41,0),(212,'c.Тасма',5,41,0),(213,'c.Тогуз-Булак',5,41,0),(214,'c.Токтоян',5,41,0),(215,'c.Толды-Суу',5,41,0),(216,'c.Тюп',5,41,0),(217,'c.Чон-Таш',5,41,0),(218,'c.Чон-Тогуз-Бай',5,41,0),(219,'c.Ыссык-Кель',5,41,0),(220,'ПГТАк-Булак',5,41,0),(221,'c.Ананьево',5,42,0),(222,'c.Баетовка',5,42,0),(223,'c.Бактуу-Долоноту',5,42,0),(224,'c.Бостери Мамытова',5,42,0),(225,'c.Григорьевка',5,42,0),(226,'c.Жаркынбаево',5,42,0),(227,'c.Кара-ой',5,42,0),(228,'c.Кароол-Дебе',5,42,0),(229,'c.Кашат',5,42,0),(230,'c.Кек-Дебе',5,42,0),(231,'c.Коджояр',5,42,0),(232,'c.Корумду',5,42,0),(233,'c.Орнек',5,42,0),(234,'c.Орто-Орюктю',5,42,0),(235,'c.Орюктю-Хутор',5,42,0),(236,'c.Сары-камыш',5,42,0),(237,'c.Сары-Ой',5,42,0),(238,'c.Семеновка',5,42,0),(239,'c.Тамчы',5,42,0),(240,'c.Темировка',5,42,0),(241,'c.Тору-Айгыр',5,42,0),(242,'c.Чок-Тал',5,42,0),(243,'c.Чон-Орюктю',5,42,0),(244,'c.Чон-Сары-Ой',5,42,0),(245,'c.Чырпыкты',5,42,0),(246,'г.Чолпон-Ата',5,42,0),(247,'c.Аламудун',5,43,0),(248,'c.Арашан',5,43,0),(249,'c.Арчалы',5,43,0),(250,'c.Байтик',5,43,0),(251,'c.Баш-Кара-Суу',5,43,0),(252,'c.Беш-Кюнгей',5,43,0),(253,'c.Васильевка',5,43,0),(254,'c.Виноградное',5,43,0),(255,'c.Восток',5,43,0),(256,'c.Горная Маевка',5,43,0),(257,'c.Гроздь',5,43,0),(258,'c.Дачное',5,43,0),(259,'c.Кайырма',5,43,0),(260,'c.Кара-Джыгач',5,43,0),(261,'c.Кашка-Суу',5,43,0),(262,'c.Кек-Джар',5,43,0),(263,'c.Лебединовка',5,43,0),(264,'c.Ленинское',5,43,0),(265,'c.Маевка',5,43,0),(266,'c.Мраморное',5,43,0),(267,'c.Нижняя Ала-Арча',5,43,0),(268,'c.Озерное',5,43,0),(269,'c.Октябрьское',5,43,0),(270,'c.Пригородное',5,43,0),(271,'c.Степное',5,43,0),(272,'c.Таш-Дебе',5,43,0),(273,'c.Ак-Башат',5,44,0),(274,'c.Алексеевка',5,44,0),(275,'c.Алтын',5,44,0),(276,'c.Бекитай',5,44,0),(277,'c.Джекен',5,44,0),(278,'c.Джон-Арык',5,44,0),(279,'c.Жайыл',5,44,0),(280,'c.Ийри-Суу',5,44,0),(281,'c.Кара-Дебе',5,44,0),(282,'c.Кара-Суу',5,44,0),(283,'c.Кожомкул',5,44,0),(284,'c.Кызыл-Дыйкан',5,44,0),(285,'c.Кызыл-Ой',5,44,0),(286,'c.Малтабар',5,44,0),(287,'c.Новониколаевка',5,44,0),(288,'c.Орто-Суу',5,44,0),(289,'c.Первое Мая',5,44,0),(290,'c.Петропавловка',5,44,0),(291,'c.Полтавка',5,44,0),(292,'c.Сары-Булак',5,44,0),(293,'c.Сосновка',5,44,0),(294,'c.Ставрополовка',5,44,0),(295,'c.Степное',5,44,0),(296,'c.Суусамыр',5,44,0),(297,'c.Тунук',5,44,0),(298,'c.Эриктуу',5,44,0),(299,'г.Кара-Балта',5,44,0),(300,'c.Алмалуу',5,45,0),(301,'c.Бейшеке',5,45,0),(302,'c.Белый-Пикет',5,45,0),(303,'c.Боролдой',5,45,0),(304,'c.Джаны-Алыш',5,45,0),(305,'c.Ильичевское',5,45,0),(306,'c.Кара-Булак',5,45,0),(307,'c.Кароол-Дебе',5,45,0),(308,'c.Кичи-Кемин',5,45,0),(309,'c.Кызыл-Байрак',5,45,0),(310,'c.Кызыл-Октябрь',5,45,0),(311,'c.Кызыл-Суу',5,45,0),(312,'c.Новомихайловка',5,45,0),(313,'c.Самансур',5,45,0),(314,'c.Советское',5,45,0),(315,'c.Тар-Суу',5,45,0),(316,'c.Тегирменти',5,45,0),(317,'c.Шабдан',5,45,0),(318,'ПГТАк-Тюз',5,45,0),(319,'ПГТКемин',5,45,0),(321,'ПГТОрловка',5,45,0),(322,'с.Каинды',5,45,0),(323,'с.Чым-Коргон',5,45,0),(324,'c.Ак-Cуу',5,46,0),(325,'c.Ак-Башат',5,46,0),(326,'c.Ак-Торпок',5,46,0),(327,'c.Александровка',5,46,0),(328,'c.Ан-Арык',5,46,0),(329,'c.Беловодское',5,46,0),(330,'c.Беш-Орюк',5,46,0),(331,'c.Беш-Терек',5,46,0),(332,'c.Заря',5,46,0),(333,'c.Кепер-Арык',5,46,0),(334,'c.Кош-Дебе',5,46,0),(335,'c.Крупское',5,46,0),(336,'c.Кыз-Моло',5,46,0),(337,'c.Мураке',5,46,0),(338,'c.Петровка',5,46,0),(339,'c.Предтеченка',5,46,0),(340,'c.Садовое',5,46,0),(341,'c.Спартак',5,46,0),(342,'c.Сретенка',5,46,0),(343,'c.Телек',5,46,0),(344,'c.Темен-Суу',5,46,0),(345,'c.Чон-Арык',5,46,0),(346,'c.Букара',5,47,0),(347,'c.Вознесеновка',5,47,0),(348,'c.Джайылма',5,47,0),(349,'c.Им.Кирова',5,47,0),(350,'c.Им.Тельмана',5,47,0),(351,'c.Кум-Арык',5,47,0),(352,'c.Кюрпюльдек',5,47,0),(353,'c.Октябрьское',5,47,0),(354,'c.Орто-Арык',5,47,0),(355,'c.Панфиловское',5,47,0),(356,'c.Первомайское',5,47,0),(357,'c.Ровное',5,47,0),(358,'c.Чалдыбар',5,47,0),(359,'c.Эркин-Сай',5,47,0),(360,'c.Эфиронос',5,47,0),(361,'ПГТКаинды',5,47,0),(363,'c.Ак-Джол',5,48,0),(364,'c.Арал Ближний',5,48,0),(365,'c.Арал Дальний',5,48,0),(366,'c.Асылбаш',5,48,0),(367,'c.Белек',5,48,0),(368,'c.Военно-Антоновка',5,48,0),(369,'c.Гавриловка',5,48,0),(370,'c.Джаны-Джер',5,48,0),(371,'c.Джаны-Пахта',5,48,0),(372,'c.Им.Фрунзе',5,48,0),(373,'c.Калтар',5,48,0),(374,'c.Камышановка',5,48,0),(375,'c.Кунтуу',5,48,0),(376,'c.Кызыл-Туу',5,48,0),(377,'c.Нижнечуйское',5,48,0),(378,'c.Новопавловка',5,48,0),(379,'c.Первомайское',5,48,0),(380,'c.Саз',5,48,0),(381,'c.Сокулук',5,48,0),(382,'c.Тош-Булак',5,48,0),(383,'c.Чат-Кель',5,48,0),(384,'г.Шопоков',5,48,0),(385,'с.Манас',5,48,0),(386,'с.Селекционное',5,48,0),(387,'с.Тюзь',5,48,0),(388,'c.Ак-Бешим',5,49,0),(389,'c.Арпа-Тектир',5,49,0),(390,'c.Бала-Айылчи',5,49,0),(391,'c.Ден-Арык',5,49,0),(392,'c.Искра',5,49,0),(393,'c.Калыгул',5,49,0),(394,'c.Кара-Дебе',5,49,0),(395,'c.Кегети',5,49,0),(396,'c.Кош-Коргон',5,49,0),(397,'c.Кошой',5,49,0),(398,'c.Ленин-Джол',5,49,0),(399,'c.Мээнеткеч',5,49,0),(400,'c.Онбир-Джылга',5,49,0),(401,'c.Прогресс',5,49,0),(402,'c.Садовое',5,49,0),(403,'c.Сайлык',5,49,0),(404,'c.Советское',5,49,0),(405,'c.Чуй',5,49,0),(406,'c.Ак-Кудук',5,50,0),(407,'c.Алмалуу',5,50,0),(408,'c.Бирдик',5,50,0),(409,'c.Буденновка',5,50,0),(410,'c.Гидростроитель',5,50,0),(411,'c.Джер-Казар',5,50,0),(412,'c.Джээк',5,50,0),(413,'c.Дмитриевка',5,50,0),(414,'c.Ивановка',5,50,0),(415,'c.Интернациональное',5,50,0),(416,'c.Карагай-Булак',5,50,0),(417,'c.Кен-Булун',5,50,0),(418,'c.Кенеш',5,50,0),(419,'c.Кировское',5,50,0),(420,'c.Киршелк',5,50,0),(421,'c.Красная Речка',5,50,0),(422,'c.Люксембург',5,50,0),(423,'c.Милянфан',5,50,0),(424,'c.Новопокровка',5,50,0),(425,'c.Норус',5,50,0),(426,'c.Нурманбет',5,50,0),(427,'c.Отогон',5,50,0),(428,'c.Рот-Фронт',5,50,0),(429,'c.Сары-Джон',5,50,0),(430,'c.Сын-Таш',5,50,0),(431,'c.Тогуз-Булак',5,50,0),(432,'c.Уч-Эмчек',5,50,0),(433,'c.Чон-Далы',5,50,0),(434,'г.Кант',5,50,0),(435,'c.Ак-Кыя',5,51,0),(436,'c.Ак-Тал',5,51,0),(437,'c.Ак-Чий',5,51,0),(438,'c.Баетово',5,51,0),(439,'c.Байгенчек',5,51,0),(440,'c.Джаны-Талап',5,51,0),(441,'c.Жерге-Тал',5,51,0),(442,'c.Кадыралы',5,51,0),(443,'c.Каиынды-Булак',5,51,0),(444,'c.Кара-Бюрген',5,51,0),(445,'c.Кара-ой',5,51,0),(446,'c.Конорчок',5,51,0),(447,'c.Кош-Дебе',5,51,0),(448,'c.Терек',5,51,0),(449,'c.Угют',5,51,0),(450,'c.Ак-Джар',5,52,0),(451,'c.Ак-Муз',5,52,0),(452,'c.Ат-Башы',5,52,0),(453,'c.Бирдик',5,52,0),(454,'c.Джаны-Кюч',5,52,0),(455,'c.Дыйкан',5,52,0),(456,'c.Казыбек',5,52,0),(457,'c.Кара-Булун',5,52,0),(458,'c.Кара-Суу',5,52,0),(459,'c.Кызыл-Туу',5,52,0),(460,'c.Озгерюш',5,52,0),(461,'c.Ой-Терскен',5,52,0),(462,'c.Первомайское',5,52,0),(463,'c.Талды-Суу',5,52,0),(464,'с.Большевик',5,52,0),(465,'c.Ак-Татыр',5,53,0),(466,'c.Арал',5,53,0),(467,'c.Байзак',5,53,0),(468,'c.Баш-Кууганды',5,53,0),(469,'c.Беш-Терек',5,53,0),(470,'c.Джаны-Арык',5,53,0),(471,'c.Джумгал',5,53,0),(472,'c.Кек-Ой',5,53,0),(473,'c.Котур-Суу',5,53,0),(474,'c.Куйручук',5,53,0),(475,'c.Кызыл-Джылдыз',5,53,0),(476,'c.Табылгыты',5,53,0),(477,'c.Тюгель-Сай',5,53,0),(478,'c.Чаек',5,53,0),(479,'c.Эпкин',5,53,0),(480,'ПГТМин-Куш',5,53,0),(481,'с.Чон-Добо',5,53,0),(482,'с.Кызарт',5,53,0),(483,'с.Лама.',5,53,0),(484,'с.Таш-Добо',5,53,0),(485,'c.Ак-Джар',5,54,0),(486,'c.Ак-Кыя',5,54,0),(487,'c.Ак-Талаа',5,54,0),(488,'c.Ара-Кель',5,54,0),(489,'c.Арсы',5,54,0),(490,'c.Ден-Алыш',5,54,0),(491,'c.Джаны-Джол',5,54,0),(492,'c.Кара-Кюнгей',5,54,0),(493,'c.Кара-Мойнок',5,54,0),(494,'c.Кара-Саз',5,54,0),(495,'c.Кара-Суу',5,54,0),(496,'c.Кара-Тоо',5,54,0),(497,'c.Кок-Джар',5,54,0),(498,'c.Комсомол',5,54,0),(499,'c.Кочкорка',5,54,0),(500,'c.Кум-Дебе',5,54,0),(501,'c.Кызыл-Дебе',5,54,0),(502,'c.Орток',5,54,0),(503,'c.Сары-Булак',5,54,0),(504,'c.Семиз-Бель',5,54,0),(505,'c.Телек',5,54,0),(506,'c.Туз',5,54,0),(507,'c.Чекилдек',5,54,0),(508,'c.Чолпон',5,54,0),(509,'c.Шамшы',5,54,0),(510,'c.Эпкин',5,54,0),(511,'c.Айри-Суу',5,55,0),(512,'c.Ак-Булун',5,55,0),(513,'c.Ак-Кудук',5,55,0),(514,'c.Ак-Кыя',5,55,0),(515,'c.Ак-Талаа',5,55,0),(516,'c.Алыш',5,55,0),(517,'c.Восьмое-Марта',5,55,0),(518,'c.Дебелюу',5,55,0),(519,'c.Джалгыз-Терек',5,55,0),(520,'c.Джан-Булак',5,55,0),(521,'c.Джергетал',5,55,0),(522,'c.Джер-Кечкю',5,55,0),(523,'c.Жылан-Арык',5,55,0),(524,'c.Казан-Куйган',5,55,0),(525,'c.Кайынды',5,55,0),(526,'c.Куланак',5,55,0),(527,'c.Кызыл-Джылдыз',5,55,0),(528,'c.Лакол',5,55,0),(529,'c.Мин-Булак',5,55,0),(530,'c.Орто-Саз',5,55,0),(531,'c.Орюк-Там',5,55,0),(532,'c.Таш-Башат',5,55,0),(533,'c.Учкун',5,55,0),(534,'c.Шоро',5,55,0),(535,'c.Эки-Нарын',5,55,0),(536,'c.Эмгек-Талаа',5,55,0),(537,'c.Эмгекчил',5,55,0),(538,'c.Эчки-Башы',5,55,0),(539,'ПГТДостук',5,55,0),(540,'с.Кенеш',5,55,0),(541,'c.Алайское',5,56,0),(542,'c.Будалык',5,56,0),(543,'c.Кичи-Бюлелю',5,56,0),(544,'c.Мурдаш',5,56,0),(545,'c.Нура',5,56,0),(546,'c.Сопу-Коргон',5,56,0),(547,'c.Уч-Тобонский',5,56,0),(548,'ПГТСары-Таш',5,56,0),(549,'c.А.Анарова',5,57,0),(550,'c.Араван',5,57,0),(551,'c.Керме-Тоо',5,57,0),(552,'c.Мангит',5,57,0),(553,'c.Нурабад',5,57,0),(554,'c.С.Юсупова',5,57,0),(555,'c.Тепе-Коргон',5,57,0),(556,'c.Туя-Моюн',5,57,0),(557,'c.Чек-Абад',5,57,0),(558,'С.Юсупова',5,57,0),(559,'c.Алайку',5,58,0),(560,'c.Ылай-Талаа',5,58,0),(561,'c.Кызыл-Джар',5,58,0),(562,'c.Ак-Кыя',5,58,0),(563,'c.Капчыгай',5,58,0),(564,'c.Карагуз',5,58,0),(565,'c.Кара-Кочкор',5,58,0),(566,'c.Кара-Кульджа',5,58,0),(567,'c.Кашка-Джол',5,58,0),(568,'c.Кенеш',5,58,0),(569,'c.Кызыл-Булак',5,58,0),(570,'c.Ой-Тал',5,58,0),(571,'c.Сары-Булак',5,58,0),(572,'c.Тоготой',5,58,0),(573,'c.Чалма',5,58,0),(574,'c.Ак-Таш',5,59,0),(575,'c.Баш-Булак',5,59,0),(576,'c.Гайрат',5,59,0),(577,'c.Жаны-Арык',5,59,0),(578,'c.Жоош',5,59,0),(579,'c.Кашгар-Кыштак',5,59,0),(580,'c.Кызыл-Кыштак',5,59,0),(581,'c.Мады',5,59,0),(582,'c.Нариман',5,59,0),(583,'c.Отуз-Адыр',5,59,0),(584,'c.Папан',5,59,0),(585,'c.Савай',5,59,0),(586,'c.Сарай',5,59,0),(587,'c.Сары-Колот',5,59,0),(588,'c.Телейкен',5,59,0),(589,'c.Чайчи',5,59,0),(590,'c.Шарк',5,59,0),(591,'г.Карасу',5,59,0),(592,'c.Бель-Кайрагач',5,60,0),(593,'c.Гюльстан',5,60,0),(594,'c.Джаны-Базар',5,60,0),(595,'c.Джаны-Ноокат',5,60,0),(596,'c.Исанов',5,60,0),(597,'c.Кара-Таш',5,60,0),(598,'c.Кек-Джар',5,60,0),(599,'c.Кенеш',5,60,0),(600,'c.Кок-Бель',5,60,0),(601,'c.Кулатов',5,60,0),(602,'c.Кыргыз-Ата',5,60,0),(603,'c.Мирмахмудова',5,60,0),(604,'c.Он Эки-Бель',5,60,0),(605,'c.Тоолос',5,60,0),(606,'c.Учбай',5,60,0),(607,'c.Ынтымак',5,60,0),(608,'г.Ноокат',5,60,0),(609,'c.Ак-Жар',5,61,0),(610,'c.Алтын-Булак',5,61,0),(611,'c.Баш-Добо',5,61,0),(612,'c.Джыланды',5,61,0),(613,'c.Дон-Булак',5,61,0),(614,'c.Жазы',5,61,0),(615,'c.Жалпак-Таш',5,61,0),(616,'c.Заргер',5,61,0),(617,'c.Ийри-Суу',5,61,0),(618,'c.Кароол',5,61,0),(619,'c.Колдук',5,61,0),(620,'c.Куршаб',5,61,0),(621,'c.Кызыл-Октябрь',5,61,0),(622,'c.Кызыл-Тоо',5,61,0),(623,'c.Мырза-Аке',5,61,0),(624,'c.Саламалик',5,61,0),(625,'c.Торт-Кол',5,61,0),(626,'c.Чангет',5,61,0),(627,'c.Шералы',5,61,0),(628,'c.Жекенди',5,62,0),(629,'c.Кашка-Суу',5,62,0),(630,'c.Чон-Алай',5,62,0),(631,'c.Шибээ',5,62,0),(632,'c.Бакай-Ата',5,63,0),(633,'c.Боо-Терек',5,63,0),(634,'c.Кек-Таш',5,63,0),(635,'c.Кен-Арал',5,63,0),(636,'c.Кызыл-Октябрь',5,63,0),(637,'c.Кызыл-Сай',5,63,0),(638,'c.Кыргызстан',5,63,0),(639,'c.Маданият',5,63,0),(640,'c.Мин-Булак',5,63,0),(641,'c.Озгерюш',5,63,0),(642,'c.Первомайское',5,63,0),(643,'c.Таш-Кудук',5,63,0),(644,'c.Туйте',5,63,0),(645,'c.Ынтымак',5,63,0),(646,'c.Ак-Башат',5,64,0),(647,'c.Ак-Жар',5,64,0),(648,'c.Аманбаево',5,64,0),(649,'c.Арчагул',5,64,0),(650,'c.Бакыян',5,64,0),(651,'c.Бейшеке',5,64,0),(652,'c.Джоон-Дебе',5,64,0),(653,'c.Кара-Буура',5,64,0),(654,'c.Кара-Сай',5,64,0),(655,'c.Кек-Сай',5,64,0),(656,'c.Кызыл-Адыр',5,64,0),(657,'c.Суулу-Маймак',5,64,0),(658,'c.Уч-Булак',5,64,0),(659,'c.Чон-Кара-Буура',5,64,0),(660,'c.Чымгент',5,64,0),(661,'c.Шекер',5,64,0),(662,'ПГТМаймак',5,64,0),(663,'c.Арал',5,65,0),(664,'c.Каинды',5,65,0),(665,'c.Кара-Арча',5,65,0),(666,'c.Кызыл-Джылдыз',5,65,0),(667,'c.Майское',5,65,0),(668,'c.Манас',5,65,0),(669,'c.Покровка',5,65,0),(670,'c.Уч-Коргон',5,65,0),(671,'c.Ак-Джар',5,66,0),(672,'c.Ак-Коргон',5,66,0),(673,'c.Арал',5,66,0),(674,'c.Арашан',5,66,0),(675,'c.Балбал',5,66,0),(676,'c.Джон-Арык',5,66,0),(677,'c.Калба',5,66,0),(678,'c.Кара-ой',5,66,0),(679,'c.Кара-Суу',5,66,0),(680,'c.Кек-Кашат',5,66,0),(681,'c.Кек-Токой',5,66,0),(682,'c.Кенеш',5,66,0),(683,'c.Кепюре-Базар',5,66,0),(684,'c.Козучак',5,66,0),(685,'c.Кок-Ой',5,66,0),(686,'c.Кум-Арык',5,66,0),(687,'c.Кызыл-Туу',5,66,0),(688,'c.Манас',5,66,0),(689,'c.Орто-Арык',5,66,0),(690,'c.Сасык-Булак',5,66,0),(691,'c.Таш-Арык',5,66,0),(692,'c.Уч-Эмгек',5,66,0),(693,'c.Чат-Базар',5,66,0),(694,'c.Чон-Токой',5,66,0),(695,'c.Ак-Джол',5,67,0),(696,'c.Ак-Суу',5,67,0),(697,'c.Джаны-Джол',5,67,0),(698,'c.Кара-Джыгач',5,67,0),(699,'c.Кара-Суу',5,67,0),(700,'c.Кош-Добо',5,67,0),(701,'c.Уч-Коргон',5,67,0),(702,'г.Кербен',5,67,0),(703,'c.Айры-Там',5,68,0),(704,'c.Ак-Коргон',5,68,0),(705,'c.Ала-Бука',5,68,0),(706,'c.Баймак',5,68,0),(707,'c.Достук',5,68,0),(708,'c.Келте',5,68,0),(709,'c.Орукту',5,68,0),(710,'c.Оруктусай',5,68,0),(711,'c.Ызар',5,68,0),(712,'c.Акман',5,69,0),(713,'c.Арсланбоб',5,69,0),(714,'c.Базар-Коргон',5,69,0),(715,'c.Бешик-Джон',5,69,0),(716,'c.Кенеш',5,69,0),(717,'c.Кызыл-Ункюр',5,69,0),(718,'c.Могол',5,69,0),(719,'c.Сайдыкум',5,69,0),(720,'c.Талдyy-Булак',5,69,0),(721,'c.Алма',5,70,0),(722,'c.Бюргендю',5,70,0),(723,'c.Кочкор-Ата',5,70,0),(724,'c.Массы',5,70,0),(725,'c.Момбеково',5,70,0),(726,'c.Ноокен',5,70,0),(727,'c.Сакалды',5,70,0),(728,'c.Арал',5,71,0),(729,'c.Атабеков',5,71,0),(730,'c.Багыш',5,71,0),(731,'c.Барпы',5,71,0),(732,'c.Благовещенка',5,71,0),(733,'c.Джаны-Джер',5,71,0),(734,'c.Джар-Кыштак',5,71,0),(735,'c.Джийде Атабеков',5,71,0),(736,'c.Достук',5,71,0),(737,'c.Жоонкунгой',5,71,0),(738,'c.Калмак-Кырчын',5,71,0),(739,'c.Камыш-Башы',5,71,0),(740,'c.Кара-Алма',5,71,0),(741,'c.Кара-Булак',5,71,0),(742,'c.Кара-Дарыя',5,71,0),(743,'c.Кедей-Арык',5,71,0),(744,'c.Кок-Арт',5,71,0),(745,'c.Комсомол',5,71,0),(746,'c.Курманбек',5,71,0),(747,'c.Кыз-Кель',5,71,0),(748,'c.Кызыл-Туу',5,71,0),(749,'c.Ленинское',5,71,0),(750,'c.Масадан',5,71,0),(751,'c.Мундуз',5,71,0),(752,'c.Октябрьское',5,71,0),(753,'c.Орток',5,71,0),(754,'c.Сай',5,71,0),(755,'c.Саты',5,71,0),(756,'c.Сафаровка',5,71,0),(757,'c.Сузак',5,71,0),(758,'c.Таш-Булак',5,71,0),(759,'c.Теш',5,71,0),(760,'c.Тюрк-Абад',5,71,0),(761,'c.Чеке-Дебе',5,71,0),(762,'c.Ширин',5,71,0),(763,'c.Ырыс',5,71,0),(764,'г.Кок-Жангак',5,71,0),(765,'с.Сузак',5,71,0),(766,'c.Арал',5,72,0),(767,'c.Атай',5,72,0),(768,'c.Бирдик',5,72,0),(769,'c.Дедемель',5,72,0),(770,'c.Им.Карла Маркса',5,72,0),(771,'c.Им.Ленина',5,72,0),(772,'c.Казарман',5,72,0),(773,'c.Кара-Суу',5,72,0),(774,'c.Кош-Булак',5,72,0),(775,'c.Табылгыты',5,72,0),(776,'c.Чет-Булак',5,72,0),(777,'c.Джаны-Джол',5,73,0),(778,'c.Кетерме',5,73,0),(779,'c.Кетмен-Тобо',5,73,0),(780,'c.Терек-Суу',5,73,0),(781,'c.Токтогул',5,73,0),(782,'c.Чолпон-Ата',5,73,0),(783,'c.Айгыр-Джал',5,74,0),(784,'c.Ак-Таш',5,74,0),(785,'c.Башкы-Терек',5,74,0),(786,'c.Джаны-Базар',5,74,0),(787,'c.Жер-Капчыгай',5,74,0),(788,'c.Каныш-Кыя',5,74,0),(789,'c.Коргон-Сай',5,74,0),(790,'c.Курулуш',5,74,0),(791,'c.Кызыл-Токой',5,74,0),(792,'c.Чакмаксуу',5,74,0),(793,'c.Шакафтар',5,74,0),(794,'ПГТСумсар',5,74,0),(795,'ПГТТерек-Сай',5,74,0),(796,'с.Бала-Саруу',5,65,0),(797,'с.Кен-Арал',5,66,0);
INSERT IGNORE INTO `addable_titles` VALUES (3,'Баткенская область',14,NULL,0),(11,'с. Кара-Булак',5,12,0),(12,'Баткенский район',4,3,0),(13,'Ыссык-Кульская область',14,NULL,0),(14,'Чуйская область',14,NULL,0),(15,'Нарынская область',14,NULL,0),(16,'Ошская область',14,NULL,0),(17,'Таласская область',14,NULL,0),(18,'Джалал-Абадская область',14,NULL,0),(19,'г. Бишкек',5,14,0),(20,'г. Ош',5,16,0),(21,'г. Талас',5,17,0),(22,'г. Токмок',5,14,0),(23,'г. Нарын',5,15,0),(24,'г. Каракол',5,13,0),(25,'г. Балыкчи',5,13,0),(26,'г. Таш-Кумыр',5,18,0),(27,'г. Джалал-Абад',5,18,0),(28,'г. Кара-Куль',5,18,0),(29,'г. Майлуу-Суу',5,18,0),(30,'г. Баткен',5,3,0),(31,'г. Кызыл-Кия',5,3,0),(32,'г. Сулюкта',5,3,0),(33,'г. Узген',5,16,0),(34,'ПГТ Шамалды-Сай',5,18,0),(36,'Кадамжайский район',4,3,0),(37,'Лейлекский район',4,3,0),(38,'Ак-Суйский район',4,13,0),(39,'Джети-Огузский район',4,13,0),(40,'Тонский район',4,13,0),(41,'Тюпский район',4,13,0),(42,'Ыссык-Кульский район',4,13,0),(43,'Аламудунский район',4,14,0),(44,'Жайылский район',4,14,0),(45,'Кеминский район',4,14,0),(46,'Московский район',4,14,0),(47,'Панфиловский район',4,14,0),(48,'Сокулукский район',4,14,0),(49,'Чуйский район',4,14,0),(50,'Ысыкатинский район',4,14,0),(51,'Ак-Талинский район',4,15,0),(52,'Ат-Башынский район',4,15,0),(53,'Жумгальский район',4,15,0),(54,'Кочкорский район',4,15,0),(55,'Нарынский район',4,15,0),(56,'Алайский район',4,16,0),(57,'Араванский район',4,16,0),(58,'Кара-Кулджинский район',4,16,0),(59,'Карасууский район',4,16,0),(60,'Ноокатский район',4,16,0),(61,'Узгенский район',4,16,0),(62,'Чон-Алайский район',4,16,0),(63,'Бакай-Атинский район',4,17,0),(64,'Кара-Бууринский район',4,17,0),(65,'Манасский район',4,17,0),(66,'Таласский район',4,17,0),(67,'Аксыйский район',4,18,0),(68,'Ала-Букинский район',4,18,0),(69,'Базар-Коргонский район',4,18,0),(70,'Ноокенский район',4,18,0),(71,'Сузакский район',4,18,0),(72,'Тогуз-Тороуский район',4,18,0),(73,'Токтогульский район',4,18,0),(74,'Чаткальский район',4,18,0),(75,'c.Ак-Сай',5,12,0),(76,'c.Ак-Татыр',5,12,0),(77,'c.Дара',5,12,0),(78,'c.Кара-Бак',5,12,0),(80,'c.Кызыл-Бель',5,12,0),(81,'c.Кыштут',5,12,0),(82,'c.Самаркандык',5,12,0),(83,'c.Суу-Башы',5,12,0),(84,'c.Тор-Гул',5,12,0),(85,'c.Чет-Кызыл',5,12,0),(87,'c.Абсамат',5,36,0),(88,'c.Ак-Турпак',5,36,0),(89,'c.Алга',5,36,0),(90,'c.Жаныжер',5,36,0),(91,'c.Жолдошова',5,36,0),(92,'c.Исамариам',5,36,0),(93,'c.Кара-Джыгач',5,36,0),(94,'c.Кара-Добо',5,36,0),(95,'c.Каракыштак',5,36,0),(96,'c.Кызыл-Булак',5,36,0),(97,'c.Кызыл-Коргон',5,36,0),(98,'c.Кыргыз-Кыштак',5,36,0),(99,'c.Майдан',5,36,0),(100,'c.Марказ',5,36,0),(101,'c.Масалиев',5,36,0),(102,'c.Минчынар',5,36,0),(103,'c.Ноогардан',5,36,0),(104,'c.Ормош',5,36,0),(105,'c.Орозбеково',5,36,0),(106,'c.Орукзар',5,36,0),(107,'c.Сарыалтын',5,36,0),(108,'c.Уч-Коргон',5,36,0),(109,'c.Халмион',5,36,0),(110,'c.Чаувай',5,36,0),(111,'c.Шыбран',5,36,0),(112,'ПГТАйдаркен',5,36,0),(113,'ПГТКадамжай',5,36,0),(114,'c.Ак-Суу',5,37,0),(115,'c.Андарак',5,37,0),(116,'c.Бешкент',5,37,0),(117,'c.Жаныжер',5,37,0),(118,'c.Катран',5,37,0),(119,'c.Кулунду',5,37,0),(120,'c.Лейлек',5,37,0),(121,'c.Маргун',5,37,0),(122,'c.Тогуз-Булак',5,37,0),(123,'г.Исфана',5,37,0),(124,'c.Ак-Булун',5,38,0),(125,'c.Берю-Баш',5,38,0),(126,'c.Боз-Булун',5,38,0),(127,'c.Боз-Учук',5,38,0),(128,'c.Джол-Колот',5,38,0),(129,'c.Джылдыз',5,38,0),(130,'c.Кара-Джал',5,38,0),(131,'c.Каракол',5,38,0),(132,'c.Качыбек',5,38,0),(133,'c.Кереге-Таш',5,38,0),(134,'c.Курбу',5,38,0),(135,'c.Новознесеновка',5,38,0),(136,'c.Октябрьское',5,38,0),(137,'c.Орлиное',5,38,0),(138,'c.Отрадное',5,38,0),(139,'c.Сары-камыш',5,38,0),(140,'c.Советское',5,38,0),(141,'c.Тегизчил',5,38,0),(142,'c.Тепке',5,38,0),(143,'c.Теплоключенка',5,38,0),(144,'c.Уч-Кайнар',5,38,0),(145,'c.Челпек',5,38,0),(146,'c.Черик',5,38,0),(147,'c.Чолпон',5,38,0),(148,'ПГТЖыргалан',5,38,0),(149,'c.Ак-Дебе',5,39,0),(150,'c.Ак-Терек',5,39,0),(151,'c.Ак-Шыйрак',5,39,0),(152,'c.Алкым',5,39,0),(153,'c.Ан-Остен',5,39,0),(154,'c.Барскоон',5,39,0),(155,'c.Богатыровка',5,39,0),(156,'c.Боз-Бешик',5,39,0),(157,'c.Даркан',5,39,0),(158,'c.Джеле-Дебе',5,39,0),(159,'c.Джениш',5,39,0),(160,'c.Джети-Огуз',5,39,0),(161,'c.Джон-Булак',5,39,0),(162,'c.Жалыз-Орюк',5,39,0),(163,'c.Ичке-Булун',5,39,0),(164,'c.Кабак',5,39,0),(165,'c.Кичи-Джаргылчак',5,39,0),(166,'c.Кызыл-Суу',5,39,0),(167,'c.Липенка',5,39,0),(168,'c.Оргочор',5,39,0),(169,'c.Саруу',5,39,0),(170,'c.Светлая Поляна',5,39,0),(171,'c.Тамга',5,39,0),(172,'c.Тилекмат',5,39,0),(173,'c.Тосор',5,39,0),(174,'c.Чон-Джаргылчак',5,39,0),(175,'c.Чырак',5,39,0),(176,'c.Ырдык',5,39,0),(177,'c.Ак-Олен',5,40,0),(178,'c.Ак-Сай',5,40,0),(179,'c.Ала-Баш',5,40,0),(180,'c.Бар-Булак',5,40,0),(181,'c.Боконбаево',5,40,0),(182,'c.Ден-Талаа',5,40,0),(183,'c.Джер-Уй',5,40,0),(184,'c.Кара-Коо',5,40,0),(185,'c.Кек-Мойнок-Первое',5,40,0),(186,'c.Кек-Сай',5,40,0),(187,'c.Кель-Тер',5,40,0),(188,'c.Конур-Олен',5,40,0),(189,'c.Кызыл-Туу',5,40,0),(190,'c.Темир-Канат',5,40,0),(191,'c.Терт-Куль',5,40,0),(192,'c.Тогуз-Булак',5,40,0),(193,'c.Тон',5,40,0),(194,'c.Эшперево',5,40,0),(195,'ПГТКаджи-Сай',5,40,0),(196,'c.Арал',5,41,0),(197,'c.Балбай',5,41,0),(198,'c.Бирлик',5,41,0),(199,'c.Джылуу-Булак',5,41,0),(200,'c.Долон',5,41,0),(201,'c.Ичке-Суу',5,41,0),(202,'c.Кен-Суу',5,41,0),(203,'c.Кеочю',5,41,0),(204,'c.Кичи-Орюктю',5,41,0),(205,'c.Корумду',5,41,0),(206,'c.Кутургу',5,41,0),(207,'c.Кюрментю',5,41,0),(208,'c.Михайловка',5,41,0),(209,'c.Ой-Булак',5,41,0),(210,'c.Ой-Тал',5,41,0),(211,'c.Сан-Таш',5,41,0),(212,'c.Тасма',5,41,0),(213,'c.Тогуз-Булак',5,41,0),(214,'c.Токтоян',5,41,0),(215,'c.Толды-Суу',5,41,0),(216,'c.Тюп',5,41,0),(217,'c.Чон-Таш',5,41,0),(218,'c.Чон-Тогуз-Бай',5,41,0),(219,'c.Ыссык-Кель',5,41,0),(220,'ПГТАк-Булак',5,41,0),(221,'c.Ананьево',5,42,0),(222,'c.Баетовка',5,42,0),(223,'c.Бактуу-Долоноту',5,42,0),(224,'c.Бостери Мамытова',5,42,0),(225,'c.Григорьевка',5,42,0),(226,'c.Жаркынбаево',5,42,0),(227,'c.Кара-ой',5,42,0),(228,'c.Кароол-Дебе',5,42,0),(229,'c.Кашат',5,42,0),(230,'c.Кек-Дебе',5,42,0),(231,'c.Коджояр',5,42,0),(232,'c.Корумду',5,42,0),(233,'c.Орнек',5,42,0),(234,'c.Орто-Орюктю',5,42,0),(235,'c.Орюктю-Хутор',5,42,0),(236,'c.Сары-камыш',5,42,0),(237,'c.Сары-Ой',5,42,0),(238,'c.Семеновка',5,42,0),(239,'c.Тамчы',5,42,0),(240,'c.Темировка',5,42,0),(241,'c.Тору-Айгыр',5,42,0),(242,'c.Чок-Тал',5,42,0),(243,'c.Чон-Орюктю',5,42,0),(244,'c.Чон-Сары-Ой',5,42,0),(245,'c.Чырпыкты',5,42,0),(246,'г.Чолпон-Ата',5,42,0),(247,'c.Аламудун',5,43,0),(248,'c.Арашан',5,43,0),(249,'c.Арчалы',5,43,0),(250,'c.Байтик',5,43,0),(251,'c.Баш-Кара-Суу',5,43,0),(252,'c.Беш-Кюнгей',5,43,0),(253,'c.Васильевка',5,43,0),(254,'c.Виноградное',5,43,0),(255,'c.Восток',5,43,0),(256,'c.Горная Маевка',5,43,0),(257,'c.Гроздь',5,43,0),(258,'c.Дачное',5,43,0),(259,'c.Кайырма',5,43,0),(260,'c.Кара-Джыгач',5,43,0),(261,'c.Кашка-Суу',5,43,0),(262,'c.Кек-Джар',5,43,0),(263,'c.Лебединовка',5,43,0),(264,'c.Ленинское',5,43,0),(265,'c.Маевка',5,43,0),(266,'c.Мраморное',5,43,0),(267,'c.Нижняя Ала-Арча',5,43,0),(268,'c.Озерное',5,43,0),(269,'c.Октябрьское',5,43,0),(270,'c.Пригородное',5,43,0),(271,'c.Степное',5,43,0),(272,'c.Таш-Дебе',5,43,0),(273,'c.Ак-Башат',5,44,0),(274,'c.Алексеевка',5,44,0),(275,'c.Алтын',5,44,0),(276,'c.Бекитай',5,44,0),(277,'c.Джекен',5,44,0),(278,'c.Джон-Арык',5,44,0),(279,'c.Жайыл',5,44,0),(280,'c.Ийри-Суу',5,44,0),(281,'c.Кара-Дебе',5,44,0),(282,'c.Кара-Суу',5,44,0),(283,'c.Кожомкул',5,44,0),(284,'c.Кызыл-Дыйкан',5,44,0),(285,'c.Кызыл-Ой',5,44,0),(286,'c.Малтабар',5,44,0),(287,'c.Новониколаевка',5,44,0),(288,'c.Орто-Суу',5,44,0),(289,'c.Первое Мая',5,44,0),(290,'c.Петропавловка',5,44,0),(291,'c.Полтавка',5,44,0),(292,'c.Сары-Булак',5,44,0),(293,'c.Сосновка',5,44,0),(294,'c.Ставрополовка',5,44,0),(295,'c.Степное',5,44,0),(296,'c.Суусамыр',5,44,0),(297,'c.Тунук',5,44,0),(298,'c.Эриктуу',5,44,0),(299,'г.Кара-Балта',5,44,0),(300,'c.Алмалуу',5,45,0),(301,'c.Бейшеке',5,45,0),(302,'c.Белый-Пикет',5,45,0),(303,'c.Боролдой',5,45,0),(304,'c.Джаны-Алыш',5,45,0),(305,'c.Ильичевское',5,45,0),(306,'c.Кара-Булак',5,45,0),(307,'c.Кароол-Дебе',5,45,0),(308,'c.Кичи-Кемин',5,45,0),(309,'c.Кызыл-Байрак',5,45,0),(310,'c.Кызыл-Октябрь',5,45,0),(311,'c.Кызыл-Суу',5,45,0),(312,'c.Новомихайловка',5,45,0),(313,'c.Самансур',5,45,0),(314,'c.Советское',5,45,0),(315,'c.Тар-Суу',5,45,0),(316,'c.Тегирменти',5,45,0),(317,'c.Шабдан',5,45,0),(318,'ПГТАк-Тюз',5,45,0),(319,'ПГТКемин',5,45,0),(321,'ПГТОрловка',5,45,0),(322,'с.Каинды',5,45,0),(323,'с.Чым-Коргон',5,45,0),(324,'c.Ак-Cуу',5,46,0),(325,'c.Ак-Башат',5,46,0),(326,'c.Ак-Торпок',5,46,0),(327,'c.Александровка',5,46,0),(328,'c.Ан-Арык',5,46,0),(329,'c.Беловодское',5,46,0),(330,'c.Беш-Орюк',5,46,0),(331,'c.Беш-Терек',5,46,0),(332,'c.Заря',5,46,0),(333,'c.Кепер-Арык',5,46,0),(334,'c.Кош-Дебе',5,46,0),(335,'c.Крупское',5,46,0),(336,'c.Кыз-Моло',5,46,0),(337,'c.Мураке',5,46,0),(338,'c.Петровка',5,46,0),(339,'c.Предтеченка',5,46,0),(340,'c.Садовое',5,46,0),(341,'c.Спартак',5,46,0),(342,'c.Сретенка',5,46,0),(343,'c.Телек',5,46,0),(344,'c.Темен-Суу',5,46,0),(345,'c.Чон-Арык',5,46,0),(346,'c.Букара',5,47,0),(347,'c.Вознесеновка',5,47,0),(348,'c.Джайылма',5,47,0),(349,'c.Им.Кирова',5,47,0),(350,'c.Им.Тельмана',5,47,0),(351,'c.Кум-Арык',5,47,0),(352,'c.Кюрпюльдек',5,47,0),(353,'c.Октябрьское',5,47,0),(354,'c.Орто-Арык',5,47,0),(355,'c.Панфиловское',5,47,0),(356,'c.Первомайское',5,47,0),(357,'c.Ровное',5,47,0),(358,'c.Чалдыбар',5,47,0),(359,'c.Эркин-Сай',5,47,0),(360,'c.Эфиронос',5,47,0),(361,'ПГТКаинды',5,47,0),(363,'c.Ак-Джол',5,48,0),(364,'c.Арал Ближний',5,48,0),(365,'c.Арал Дальний',5,48,0),(366,'c.Асылбаш',5,48,0),(367,'c.Белек',5,48,0),(368,'c.Военно-Антоновка',5,48,0),(369,'c.Гавриловка',5,48,0),(370,'c.Джаны-Джер',5,48,0),(371,'c.Джаны-Пахта',5,48,0),(372,'c.Им.Фрунзе',5,48,0),(373,'c.Калтар',5,48,0),(374,'c.Камышановка',5,48,0),(375,'c.Кунтуу',5,48,0),(376,'c.Кызыл-Туу',5,48,0),(377,'c.Нижнечуйское',5,48,0),(378,'c.Новопавловка',5,48,0),(379,'c.Первомайское',5,48,0),(380,'c.Саз',5,48,0),(381,'c.Сокулук',5,48,0),(382,'c.Тош-Булак',5,48,0),(383,'c.Чат-Кель',5,48,0),(384,'г.Шопоков',5,48,0),(385,'с.Манас',5,48,0),(386,'с.Селекционное',5,48,0),(387,'с.Тюзь',5,48,0),(388,'c.Ак-Бешим',5,49,0),(389,'c.Арпа-Тектир',5,49,0),(390,'c.Бала-Айылчи',5,49,0),(391,'c.Ден-Арык',5,49,0),(392,'c.Искра',5,49,0),(393,'c.Калыгул',5,49,0),(394,'c.Кара-Дебе',5,49,0),(395,'c.Кегети',5,49,0),(396,'c.Кош-Коргон',5,49,0),(397,'c.Кошой',5,49,0),(398,'c.Ленин-Джол',5,49,0),(399,'c.Мээнеткеч',5,49,0),(400,'c.Онбир-Джылга',5,49,0),(401,'c.Прогресс',5,49,0),(402,'c.Садовое',5,49,0),(403,'c.Сайлык',5,49,0),(404,'c.Советское',5,49,0),(405,'c.Чуй',5,49,0),(406,'c.Ак-Кудук',5,50,0),(407,'c.Алмалуу',5,50,0),(408,'c.Бирдик',5,50,0),(409,'c.Буденновка',5,50,0),(410,'c.Гидростроитель',5,50,0),(411,'c.Джер-Казар',5,50,0),(412,'c.Джээк',5,50,0),(413,'c.Дмитриевка',5,50,0),(414,'c.Ивановка',5,50,0),(415,'c.Интернациональное',5,50,0),(416,'c.Карагай-Булак',5,50,0),(417,'c.Кен-Булун',5,50,0),(418,'c.Кенеш',5,50,0),(419,'c.Кировское',5,50,0),(420,'c.Киршелк',5,50,0),(421,'c.Красная Речка',5,50,0),(422,'c.Люксембург',5,50,0),(423,'c.Милянфан',5,50,0),(424,'c.Новопокровка',5,50,0),(425,'c.Норус',5,50,0),(426,'c.Нурманбет',5,50,0),(427,'c.Отогон',5,50,0),(428,'c.Рот-Фронт',5,50,0),(429,'c.Сары-Джон',5,50,0),(430,'c.Сын-Таш',5,50,0),(431,'c.Тогуз-Булак',5,50,0),(432,'c.Уч-Эмчек',5,50,0),(433,'c.Чон-Далы',5,50,0),(434,'г.Кант',5,50,0),(435,'c.Ак-Кыя',5,51,0),(436,'c.Ак-Тал',5,51,0),(437,'c.Ак-Чий',5,51,0),(438,'c.Баетово',5,51,0),(439,'c.Байгенчек',5,51,0),(440,'c.Джаны-Талап',5,51,0),(441,'c.Жерге-Тал',5,51,0),(442,'c.Кадыралы',5,51,0),(443,'c.Каиынды-Булак',5,51,0),(444,'c.Кара-Бюрген',5,51,0),(445,'c.Кара-ой',5,51,0),(446,'c.Конорчок',5,51,0),(447,'c.Кош-Дебе',5,51,0),(448,'c.Терек',5,51,0),(449,'c.Угют',5,51,0),(450,'c.Ак-Джар',5,52,0),(451,'c.Ак-Муз',5,52,0),(452,'c.Ат-Башы',5,52,0),(453,'c.Бирдик',5,52,0),(454,'c.Джаны-Кюч',5,52,0),(455,'c.Дыйкан',5,52,0),(456,'c.Казыбек',5,52,0),(457,'c.Кара-Булун',5,52,0),(458,'c.Кара-Суу',5,52,0),(459,'c.Кызыл-Туу',5,52,0),(460,'c.Озгерюш',5,52,0),(461,'c.Ой-Терскен',5,52,0),(462,'c.Первомайское',5,52,0),(463,'c.Талды-Суу',5,52,0),(464,'с.Большевик',5,52,0),(465,'c.Ак-Татыр',5,53,0),(466,'c.Арал',5,53,0),(467,'c.Байзак',5,53,0),(468,'c.Баш-Кууганды',5,53,0),(469,'c.Беш-Терек',5,53,0),(470,'c.Джаны-Арык',5,53,0),(471,'c.Джумгал',5,53,0),(472,'c.Кек-Ой',5,53,0),(473,'c.Котур-Суу',5,53,0),(474,'c.Куйручук',5,53,0),(475,'c.Кызыл-Джылдыз',5,53,0),(476,'c.Табылгыты',5,53,0),(477,'c.Тюгель-Сай',5,53,0),(478,'c.Чаек',5,53,0),(479,'c.Эпкин',5,53,0),(480,'ПГТМин-Куш',5,53,0),(481,'с.Чон-Добо',5,53,0),(482,'с.Кызарт',5,53,0),(483,'с.Лама.',5,53,0),(484,'с.Таш-Добо',5,53,0),(485,'c.Ак-Джар',5,54,0),(486,'c.Ак-Кыя',5,54,0),(487,'c.Ак-Талаа',5,54,0),(488,'c.Ара-Кель',5,54,0),(489,'c.Арсы',5,54,0),(490,'c.Ден-Алыш',5,54,0),(491,'c.Джаны-Джол',5,54,0),(492,'c.Кара-Кюнгей',5,54,0),(493,'c.Кара-Мойнок',5,54,0),(494,'c.Кара-Саз',5,54,0),(495,'c.Кара-Суу',5,54,0),(496,'c.Кара-Тоо',5,54,0),(497,'c.Кок-Джар',5,54,0),(498,'c.Комсомол',5,54,0),(499,'c.Кочкорка',5,54,0),(500,'c.Кум-Дебе',5,54,0),(501,'c.Кызыл-Дебе',5,54,0),(502,'c.Орток',5,54,0),(503,'c.Сары-Булак',5,54,0),(504,'c.Семиз-Бель',5,54,0),(505,'c.Телек',5,54,0),(506,'c.Туз',5,54,0),(507,'c.Чекилдек',5,54,0),(508,'c.Чолпон',5,54,0),(509,'c.Шамшы',5,54,0),(510,'c.Эпкин',5,54,0),(511,'c.Айри-Суу',5,55,0),(512,'c.Ак-Булун',5,55,0),(513,'c.Ак-Кудук',5,55,0),(514,'c.Ак-Кыя',5,55,0),(515,'c.Ак-Талаа',5,55,0),(516,'c.Алыш',5,55,0),(517,'c.Восьмое-Марта',5,55,0),(518,'c.Дебелюу',5,55,0),(519,'c.Джалгыз-Терек',5,55,0),(520,'c.Джан-Булак',5,55,0),(521,'c.Джергетал',5,55,0),(522,'c.Джер-Кечкю',5,55,0),(523,'c.Жылан-Арык',5,55,0),(524,'c.Казан-Куйган',5,55,0),(525,'c.Кайынды',5,55,0),(526,'c.Куланак',5,55,0),(527,'c.Кызыл-Джылдыз',5,55,0),(528,'c.Лакол',5,55,0),(529,'c.Мин-Булак',5,55,0),(530,'c.Орто-Саз',5,55,0),(531,'c.Орюк-Там',5,55,0),(532,'c.Таш-Башат',5,55,0),(533,'c.Учкун',5,55,0),(534,'c.Шоро',5,55,0),(535,'c.Эки-Нарын',5,55,0),(536,'c.Эмгек-Талаа',5,55,0),(537,'c.Эмгекчил',5,55,0),(538,'c.Эчки-Башы',5,55,0),(539,'ПГТДостук',5,55,0),(540,'с.Кенеш',5,55,0),(541,'c.Алайское',5,56,0),(542,'c.Будалык',5,56,0),(543,'c.Кичи-Бюлелю',5,56,0),(544,'c.Мурдаш',5,56,0),(545,'c.Нура',5,56,0),(546,'c.Сопу-Коргон',5,56,0),(547,'c.Уч-Тобонский',5,56,0),(548,'ПГТСары-Таш',5,56,0),(549,'c.А.Анарова',5,57,0),(550,'c.Араван',5,57,0),(551,'c.Керме-Тоо',5,57,0),(552,'c.Мангит',5,57,0),(553,'c.Нурабад',5,57,0),(554,'c.С.Юсупова',5,57,0),(555,'c.Тепе-Коргон',5,57,0),(556,'c.Туя-Моюн',5,57,0),(557,'c.Чек-Абад',5,57,0),(558,'С.Юсупова',5,57,0),(559,'c.Алайку',5,58,0),(560,'c.Ылай-Талаа',5,58,0),(561,'c.Кызыл-Джар',5,58,0),(562,'c.Ак-Кыя',5,58,0),(563,'c.Капчыгай',5,58,0),(564,'c.Карагуз',5,58,0),(565,'c.Кара-Кочкор',5,58,0),(566,'c.Кара-Кульджа',5,58,0),(567,'c.Кашка-Джол',5,58,0),(568,'c.Кенеш',5,58,0),(569,'c.Кызыл-Булак',5,58,0),(570,'c.Ой-Тал',5,58,0),(571,'c.Сары-Булак',5,58,0),(572,'c.Тоготой',5,58,0),(573,'c.Чалма',5,58,0),(574,'c.Ак-Таш',5,59,0),(575,'c.Баш-Булак',5,59,0),(576,'c.Гайрат',5,59,0),(577,'c.Жаны-Арык',5,59,0),(578,'c.Жоош',5,59,0),(579,'c.Кашгар-Кыштак',5,59,0),(580,'c.Кызыл-Кыштак',5,59,0),(581,'c.Мады',5,59,0),(582,'c.Нариман',5,59,0),(583,'c.Отуз-Адыр',5,59,0),(584,'c.Папан',5,59,0),(585,'c.Савай',5,59,0),(586,'c.Сарай',5,59,0),(587,'c.Сары-Колот',5,59,0),(588,'c.Телейкен',5,59,0),(589,'c.Чайчи',5,59,0),(590,'c.Шарк',5,59,0),(591,'г.Карасу',5,59,0),(592,'c.Бель-Кайрагач',5,60,0),(593,'c.Гюльстан',5,60,0),(594,'c.Джаны-Базар',5,60,0),(595,'c.Джаны-Ноокат',5,60,0),(596,'c.Исанов',5,60,0),(597,'c.Кара-Таш',5,60,0),(598,'c.Кек-Джар',5,60,0),(599,'c.Кенеш',5,60,0),(600,'c.Кок-Бель',5,60,0),(601,'c.Кулатов',5,60,0),(602,'c.Кыргыз-Ата',5,60,0),(603,'c.Мирмахмудова',5,60,0),(604,'c.Он Эки-Бель',5,60,0),(605,'c.Тоолос',5,60,0),(606,'c.Учбай',5,60,0),(607,'c.Ынтымак',5,60,0),(608,'г.Ноокат',5,60,0),(609,'c.Ак-Жар',5,61,0),(610,'c.Алтын-Булак',5,61,0),(611,'c.Баш-Добо',5,61,0),(612,'c.Джыланды',5,61,0),(613,'c.Дон-Булак',5,61,0),(614,'c.Жазы',5,61,0),(615,'c.Жалпак-Таш',5,61,0),(616,'c.Заргер',5,61,0),(617,'c.Ийри-Суу',5,61,0),(618,'c.Кароол',5,61,0),(619,'c.Колдук',5,61,0),(620,'c.Куршаб',5,61,0),(621,'c.Кызыл-Октябрь',5,61,0),(622,'c.Кызыл-Тоо',5,61,0),(623,'c.Мырза-Аке',5,61,0),(624,'c.Саламалик',5,61,0),(625,'c.Торт-Кол',5,61,0),(626,'c.Чангет',5,61,0),(627,'c.Шералы',5,61,0),(628,'c.Жекенди',5,62,0),(629,'c.Кашка-Суу',5,62,0),(630,'c.Чон-Алай',5,62,0),(631,'c.Шибээ',5,62,0),(632,'c.Бакай-Ата',5,63,0),(633,'c.Боо-Терек',5,63,0),(634,'c.Кек-Таш',5,63,0),(635,'c.Кен-Арал',5,63,0),(636,'c.Кызыл-Октябрь',5,63,0),(637,'c.Кызыл-Сай',5,63,0),(638,'c.Кыргызстан',5,63,0),(639,'c.Маданият',5,63,0),(640,'c.Мин-Булак',5,63,0),(641,'c.Озгерюш',5,63,0),(642,'c.Первомайское',5,63,0),(643,'c.Таш-Кудук',5,63,0),(644,'c.Туйте',5,63,0),(645,'c.Ынтымак',5,63,0),(646,'c.Ак-Башат',5,64,0),(647,'c.Ак-Жар',5,64,0),(648,'c.Аманбаево',5,64,0),(649,'c.Арчагул',5,64,0),(650,'c.Бакыян',5,64,0),(651,'c.Бейшеке',5,64,0),(652,'c.Джоон-Дебе',5,64,0),(653,'c.Кара-Буура',5,64,0),(654,'c.Кара-Сай',5,64,0),(655,'c.Кек-Сай',5,64,0),(656,'c.Кызыл-Адыр',5,64,0),(657,'c.Суулу-Маймак',5,64,0),(658,'c.Уч-Булак',5,64,0),(659,'c.Чон-Кара-Буура',5,64,0),(660,'c.Чымгент',5,64,0),(661,'c.Шекер',5,64,0),(662,'ПГТМаймак',5,64,0),(663,'c.Арал',5,65,0),(664,'c.Каинды',5,65,0),(665,'c.Кара-Арча',5,65,0),(666,'c.Кызыл-Джылдыз',5,65,0),(667,'c.Майское',5,65,0),(668,'c.Манас',5,65,0),(669,'c.Покровка',5,65,0),(670,'c.Уч-Коргон',5,65,0),(671,'c.Ак-Джар',5,66,0),(672,'c.Ак-Коргон',5,66,0),(673,'c.Арал',5,66,0),(674,'c.Арашан',5,66,0),(675,'c.Балбал',5,66,0),(676,'c.Джон-Арык',5,66,0),(677,'c.Калба',5,66,0),(678,'c.Кара-ой',5,66,0),(679,'c.Кара-Суу',5,66,0),(680,'c.Кек-Кашат',5,66,0),(681,'c.Кек-Токой',5,66,0),(682,'c.Кенеш',5,66,0),(683,'c.Кепюре-Базар',5,66,0),(684,'c.Козучак',5,66,0),(685,'c.Кок-Ой',5,66,0),(686,'c.Кум-Арык',5,66,0),(687,'c.Кызыл-Туу',5,66,0),(688,'c.Манас',5,66,0),(689,'c.Орто-Арык',5,66,0),(690,'c.Сасык-Булак',5,66,0),(691,'c.Таш-Арык',5,66,0),(692,'c.Уч-Эмгек',5,66,0),(693,'c.Чат-Базар',5,66,0),(694,'c.Чон-Токой',5,66,0),(695,'c.Ак-Джол',5,67,0),(696,'c.Ак-Суу',5,67,0),(697,'c.Джаны-Джол',5,67,0),(698,'c.Кара-Джыгач',5,67,0),(699,'c.Кара-Суу',5,67,0),(700,'c.Кош-Добо',5,67,0),(701,'c.Уч-Коргон',5,67,0),(702,'г.Кербен',5,67,0),(703,'c.Айры-Там',5,68,0),(704,'c.Ак-Коргон',5,68,0),(705,'c.Ала-Бука',5,68,0),(706,'c.Баймак',5,68,0),(707,'c.Достук',5,68,0),(708,'c.Келте',5,68,0),(709,'c.Орукту',5,68,0),(710,'c.Оруктусай',5,68,0),(711,'c.Ызар',5,68,0),(712,'c.Акман',5,69,0),(713,'c.Арсланбоб',5,69,0),(714,'c.Базар-Коргон',5,69,0),(715,'c.Бешик-Джон',5,69,0),(716,'c.Кенеш',5,69,0),(717,'c.Кызыл-Ункюр',5,69,0),(718,'c.Могол',5,69,0),(719,'c.Сайдыкум',5,69,0),(720,'c.Талдyy-Булак',5,69,0),(721,'c.Алма',5,70,0),(722,'c.Бюргендю',5,70,0),(723,'c.Кочкор-Ата',5,70,0),(724,'c.Массы',5,70,0),(725,'c.Момбеково',5,70,0),(726,'c.Ноокен',5,70,0),(727,'c.Сакалды',5,70,0),(728,'c.Арал',5,71,0),(729,'c.Атабеков',5,71,0),(730,'c.Багыш',5,71,0),(731,'c.Барпы',5,71,0),(732,'c.Благовещенка',5,71,0),(733,'c.Джаны-Джер',5,71,0),(734,'c.Джар-Кыштак',5,71,0),(735,'c.Джийде Атабеков',5,71,0),(736,'c.Достук',5,71,0),(737,'c.Жоонкунгой',5,71,0),(738,'c.Калмак-Кырчын',5,71,0),(739,'c.Камыш-Башы',5,71,0),(740,'c.Кара-Алма',5,71,0),(741,'c.Кара-Булак',5,71,0),(742,'c.Кара-Дарыя',5,71,0),(743,'c.Кедей-Арык',5,71,0),(744,'c.Кок-Арт',5,71,0),(745,'c.Комсомол',5,71,0),(746,'c.Курманбек',5,71,0),(747,'c.Кыз-Кель',5,71,0),(748,'c.Кызыл-Туу',5,71,0),(749,'c.Ленинское',5,71,0),(750,'c.Масадан',5,71,0),(751,'c.Мундуз',5,71,0),(752,'c.Октябрьское',5,71,0),(753,'c.Орток',5,71,0),(754,'c.Сай',5,71,0),(755,'c.Саты',5,71,0),(756,'c.Сафаровка',5,71,0),(757,'c.Сузак',5,71,0),(758,'c.Таш-Булак',5,71,0),(759,'c.Теш',5,71,0),(760,'c.Тюрк-Абад',5,71,0),(761,'c.Чеке-Дебе',5,71,0),(762,'c.Ширин',5,71,0),(763,'c.Ырыс',5,71,0),(764,'г.Кок-Жангак',5,71,0),(765,'с.Сузак',5,71,0),(766,'c.Арал',5,72,0),(767,'c.Атай',5,72,0),(768,'c.Бирдик',5,72,0),(769,'c.Дедемель',5,72,0),(770,'c.Им.Карла Маркса',5,72,0),(771,'c.Им.Ленина',5,72,0),(772,'c.Казарман',5,72,0),(773,'c.Кара-Суу',5,72,0),(774,'c.Кош-Булак',5,72,0),(775,'c.Табылгыты',5,72,0),(776,'c.Чет-Булак',5,72,0),(777,'c.Джаны-Джол',5,73,0),(778,'c.Кетерме',5,73,0),(779,'c.Кетмен-Тобо',5,73,0),(780,'c.Терек-Суу',5,73,0),(781,'c.Токтогул',5,73,0),(782,'c.Чолпон-Ата',5,73,0),(783,'c.Айгыр-Джал',5,74,0),(784,'c.Ак-Таш',5,74,0),(785,'c.Башкы-Терек',5,74,0),(786,'c.Джаны-Базар',5,74,0),(787,'c.Жер-Капчыгай',5,74,0),(788,'c.Каныш-Кыя',5,74,0),(789,'c.Коргон-Сай',5,74,0),(790,'c.Курулуш',5,74,0),(791,'c.Кызыл-Токой',5,74,0),(792,'c.Чакмаксуу',5,74,0),(793,'c.Шакафтар',5,74,0),(794,'ПГТСумсар',5,74,0),(795,'ПГТТерек-Сай',5,74,0),(796,'с.Бала-Саруу',5,65,0),(797,'с.Кен-Арал',5,66,0);
/*!40000 ALTER TABLE `addable_titles` ENABLE KEYS */;
UNLOCK TABLES;

--
-- Table structure for table `address`
--

DROP TABLE IF EXISTS `address`;
/*!40101 SET @saved_cs_client     = @@character_set_client */;
/*!50503 SET character_set_client = utf8mb4 */;
CREATE TABLE `address` (
                           `id` int NOT NULL AUTO_INCREMENT,
                           `province_id` int DEFAULT NULL,
                           `region_id` int DEFAULT NULL,
                           `city_id` int DEFAULT NULL,
                           PRIMARY KEY (`id`),
                           KEY `fk_address_1_idx` (`province_id`),
                           KEY `fk_address_2_idx` (`region_id`),
                           KEY `fk_address_3_idx` (`city_id`),
                           CONSTRAINT `fk_address_1` FOREIGN KEY (`province_id`) REFERENCES `addable_titles` (`id`),
                           CONSTRAINT `fk_address_2` FOREIGN KEY (`region_id`) REFERENCES `addable_titles` (`id`),
                           CONSTRAINT `fk_address_3` FOREIGN KEY (`city_id`) REFERENCES `addable_titles` (`id`)
) ENGINE=InnoDB AUTO_INCREMENT=1062 DEFAULT CHARSET=utf8mb4 COLLATE=utf8mb4_0900_ai_ci;
/*!40101 SET character_set_client = @saved_cs_client */;

--
-- Dumping data for table `address`
--

LOCK TABLES `address` WRITE;
/*!40000 ALTER TABLE `address` DISABLE KEYS */;
INSERT IGNORE INTO `address` VALUES (51,3,12,11),(52,14,NULL,19),(53,13,NULL,25),(54,3,NULL,30),(55,18,NULL,27),(56,13,NULL,24),(57,18,NULL,28),(58,3,NULL,31),(59,18,NULL,29),(60,15,NULL,23),(61,3,NULL,32),(62,17,NULL,21),(63,18,NULL,26),(64,14,NULL,22),(65,16,NULL,20),(66,16,NULL,33),(68,18,NULL,34),(327,3,12,75),(328,3,12,76),(329,3,12,77),(330,3,12,78),(331,3,12,80),(332,3,12,81),(333,3,12,82),(334,3,12,83),(335,3,12,84),(336,3,12,85),(338,3,36,87),(339,3,36,88),(340,3,36,89),(341,3,36,90),(342,3,36,91),(343,3,36,92),(344,3,36,93),(345,3,36,94),(346,3,36,95),(347,3,36,96),(348,3,36,97),(349,3,36,98),(350,3,36,99),(351,3,36,100),(352,3,36,101),(353,3,36,102),(354,3,36,103),(355,3,36,104),(356,3,36,105),(357,3,36,106),(358,3,36,107),(359,3,36,108),(360,3,36,109),(361,3,36,110),(362,3,36,111),(363,3,36,112),(364,3,36,113),(365,3,37,114),(366,3,37,115),(367,3,37,116),(368,3,37,90),(369,3,37,118),(370,3,37,119),(371,3,37,120),(372,3,37,121),(373,3,37,122),(374,3,37,123),(375,13,38,124),(376,13,38,125),(377,13,38,126),(378,13,38,127),(379,13,38,128),(380,13,38,129),(381,13,38,130),(382,13,38,131),(383,13,38,132),(384,13,38,133),(385,13,38,134),(386,13,38,135),(387,13,38,136),(388,13,38,137),(389,13,38,138),(390,13,38,139),(391,13,38,140),(392,13,38,141),(393,13,38,142),(394,13,38,143),(395,13,38,144),(396,13,38,145),(397,13,38,146),(398,13,38,147),(399,13,38,148),(400,13,39,149),(401,13,39,150),(402,13,39,151),(403,13,39,152),(404,13,39,153),(405,13,39,154),(406,13,39,155),(407,13,39,156),(408,13,39,157),(409,13,39,158),(410,13,39,159),(411,13,39,160),(412,13,39,161),(413,13,39,162),(414,13,39,163),(415,13,39,164),(416,13,39,165),(417,13,39,166),(418,13,39,167),(419,13,39,168),(420,13,39,169),(421,13,39,170),(422,13,39,171),(423,13,39,172),(424,13,39,173),(425,13,39,174),(426,13,39,175),(427,13,39,176),(428,13,40,177),(429,13,40,75),(430,13,40,179),(431,13,40,180),(432,13,40,181),(433,13,40,182),(434,13,40,183),(435,13,40,184),(436,13,40,185),(437,13,40,186),(438,13,40,187),(439,13,40,188),(440,13,40,189),(441,13,40,190),(442,13,40,191),(443,13,40,122),(444,13,40,193),(445,13,40,194),(446,13,40,195),(447,13,41,196),(448,13,41,197),(449,13,41,198),(450,13,41,199),(451,13,41,200),(452,13,41,201),(453,13,41,202),(454,13,41,203),(455,13,41,204),(456,13,41,205),(457,13,41,206),(458,13,41,207),(459,13,41,208),(460,13,41,209),(461,13,41,210),(462,13,41,211),(463,13,41,212),(464,13,41,122),(465,13,41,214),(466,13,41,215),(467,13,41,216),(468,13,41,217),(469,13,41,218),(470,13,41,219),(471,13,41,220),(472,13,42,221),(473,13,42,222),(474,13,42,223),(475,13,42,224),(476,13,42,225),(477,13,42,226),(478,13,42,227),(479,13,42,228),(480,13,42,229),(481,13,42,230),(482,13,42,231),(483,13,42,205),(484,13,42,233),(485,13,42,234),(486,13,42,235),(487,13,42,139),(488,13,42,237),(489,13,42,238),(490,13,42,239),(491,13,42,240),(492,13,42,241),(493,13,42,242),(494,13,42,243),(495,13,42,244),(496,13,42,245),(497,13,42,246),(498,14,43,247),(499,14,43,248),(500,14,43,249),(501,14,43,250),(502,14,43,251),(503,14,43,252),(504,14,43,253),(505,14,43,254),(506,14,43,255),(507,14,43,256),(508,14,43,257),(509,14,43,258),(510,14,43,259),(511,14,43,93),(512,14,43,261),(513,14,43,262),(514,14,43,263),(515,14,43,264),(516,14,43,265),(517,14,43,266),(518,14,43,267),(519,14,43,268),(520,14,43,136),(521,14,43,270),(522,14,43,271),(523,14,43,272),(524,14,44,273),(525,14,44,274),(526,14,44,275),(527,14,44,276),(528,14,44,277),(529,14,44,278),(530,14,44,279),(531,14,44,280),(532,14,44,281),(533,14,44,282),(534,14,44,283),(535,14,44,284),(536,14,44,285),(537,14,44,286),(538,14,44,287),(539,14,44,288),(540,14,44,289),(541,14,44,290),(542,14,44,291),(543,14,44,292),(544,14,44,293),(545,14,44,294),(546,14,44,271),(547,14,44,296),(548,14,44,297),(549,14,44,298),(550,14,44,299),(551,14,45,300),(552,14,45,301),(553,14,45,302),(554,14,45,303),(555,14,45,304),(556,14,45,305),(557,14,45,11),(558,14,45,228),(559,14,45,308),(560,14,45,309),(561,14,45,310),(562,14,45,166),(563,14,45,312),(564,14,45,313),(565,14,45,140),(566,14,45,315),(567,14,45,316),(568,14,45,317),(569,14,45,318),(570,14,45,319),(572,14,45,321),(573,14,45,322),(574,14,45,323),(575,14,46,324),(576,14,46,273),(577,14,46,326),(578,14,46,327),(579,14,46,328),(580,14,46,329),(581,14,46,330),(582,14,46,331),(583,14,46,332),(584,14,46,333),(585,14,46,334),(586,14,46,335),(587,14,46,336),(588,14,46,337),(589,14,46,338),(590,14,46,339),(591,14,46,340),(592,14,46,341),(593,14,46,342),(594,14,46,343),(595,14,46,344),(596,14,46,345),(597,14,47,346),(598,14,47,347),(599,14,47,348),(600,14,47,349),(601,14,47,350),(602,14,47,351),(603,14,47,352),(604,14,47,136),(605,14,47,354),(606,14,47,355),(607,14,47,356),(608,14,47,357),(609,14,47,358),(610,14,47,359),(611,14,47,360),(612,14,47,361),(614,14,48,363),(615,14,48,364),(616,14,48,365),(617,14,48,366),(618,14,48,367),(619,14,48,368),(620,14,48,369),(621,14,48,370),(622,14,48,371),(623,14,48,372),(624,14,48,373),(625,14,48,374),(626,14,48,375),(627,14,48,189),(628,14,48,377),(629,14,48,378),(630,14,48,356),(631,14,48,380),(632,14,48,381),(633,14,48,382),(634,14,48,383),(635,14,48,384),(636,14,48,385),(637,14,48,386),(638,14,48,387),(639,14,49,388),(640,14,49,389),(641,14,49,390),(642,14,49,391),(643,14,49,392),(644,14,49,393),(645,14,49,281),(646,14,49,395),(647,14,49,396),(648,14,49,397),(649,14,49,398),(650,14,49,399),(651,14,49,400),(652,14,49,401),(653,14,49,340),(654,14,49,403),(655,14,49,140),(656,14,49,405),(657,14,50,406),(658,14,50,300),(659,14,50,408),(660,14,50,409),(661,14,50,410),(662,14,50,411),(663,14,50,412),(664,14,50,413),(665,14,50,414),(666,14,50,415),(667,14,50,416),(668,14,50,417),(669,14,50,418),(670,14,50,419),(671,14,50,420),(672,14,50,421),(673,14,50,422),(674,14,50,423),(675,14,50,424),(676,14,50,425),(677,14,50,426),(678,14,50,427),(679,14,50,428),(680,14,50,429),(681,14,50,430),(682,14,50,122),(683,14,50,432),(684,14,50,433),(685,14,50,434),(686,15,51,435),(687,15,51,436),(688,15,51,437),(689,15,51,438),(690,15,51,439),(691,15,51,440),(692,15,51,441),(693,15,51,442),(694,15,51,443),(695,15,51,444),(696,15,51,227),(697,15,51,446),(698,15,51,334),(699,15,51,448),(700,15,51,449),(701,15,52,450),(702,15,52,451),(703,15,52,452),(704,15,52,408),(705,15,52,454),(706,15,52,455),(707,15,52,456),(708,15,52,457),(709,15,52,282),(710,15,52,189),(711,15,52,460),(712,15,52,461),(713,15,52,356),(714,15,52,463),(715,15,52,464),(716,15,53,76),(717,15,53,196),(718,15,53,467),(719,15,53,468),(720,15,53,331),(721,15,53,470),(722,15,53,471),(723,15,53,472),(724,15,53,473),(725,15,53,474),(726,15,53,475),(727,15,53,476),(728,15,53,477),(729,15,53,478),(730,15,53,479),(731,15,53,480),(732,15,53,481),(733,15,53,482),(734,15,53,483),(735,15,53,484),(736,15,54,450),(737,15,54,435),(738,15,54,487),(739,15,54,488),(740,15,54,489),(741,15,54,490),(742,15,54,491),(743,15,54,492),(744,15,54,493),(745,15,54,494),(746,15,54,282),(747,15,54,496),(748,15,54,497),(749,15,54,498),(750,15,54,499),(751,15,54,500),(752,15,54,501),(753,15,54,502),(754,15,54,292),(755,15,54,504),(756,15,54,343),(757,15,54,506),(758,15,54,507),(759,15,54,147),(760,15,54,509),(761,15,54,479),(762,15,55,511),(763,15,55,124),(764,15,55,406),(765,15,55,435),(766,15,55,487),(767,15,55,516),(768,15,55,517),(769,15,55,518),(770,15,55,519),(771,15,55,520),(772,15,55,521),(773,15,55,522),(774,15,55,523),(775,15,55,524),(776,15,55,525),(777,15,55,526),(778,15,55,475),(779,15,55,528),(780,15,55,529),(781,15,55,530),(782,15,55,531),(783,15,55,532),(784,15,55,533),(785,15,55,534),(786,15,55,535),(787,15,55,536),(788,15,55,537),(789,15,55,538),(790,15,55,539),(791,15,55,540),(792,16,56,541),(793,16,56,542),(794,16,56,543),(795,16,56,544),(796,16,56,545),(797,16,56,546),(798,16,56,547),(799,16,56,548),(800,16,57,549),(801,16,57,550),(802,16,57,551),(803,16,57,552),(804,16,57,553),(805,16,57,554),(806,16,57,555),(807,16,57,556),(808,16,57,557),(809,16,57,558),(810,16,58,559),(811,16,58,560),(812,16,58,561),(813,16,58,435),(814,16,58,563),(815,16,58,564),(816,16,58,565),(817,16,58,566),(818,16,58,567),(819,16,58,418),(820,16,58,96),(821,16,58,210),(822,16,58,292),(823,16,58,572),(824,16,58,573),(825,16,59,574),(826,16,59,575),(827,16,59,576),(828,16,59,577),(829,16,59,578),(830,16,59,579),(831,16,59,580),(832,16,59,581),(833,16,59,582),(834,16,59,583),(835,16,59,584),(836,16,59,585),(837,16,59,586),(838,16,59,587),(839,16,59,588),(840,16,59,589),(841,16,59,590),(842,16,59,591),(843,16,60,592),(844,16,60,593),(845,16,60,594),(846,16,60,595),(847,16,60,596),(848,16,60,597),(849,16,60,262),(850,16,60,418),(851,16,60,600),(852,16,60,601),(853,16,60,602),(854,16,60,603),(855,16,60,604),(856,16,60,605),(857,16,60,606),(858,16,60,607),(859,16,60,608),(860,16,61,609),(861,16,61,610),(862,16,61,611),(863,16,61,612),(864,16,61,613),(865,16,61,614),(866,16,61,615),(867,16,61,616),(868,16,61,280),(869,16,61,618),(870,16,61,619),(871,16,61,620),(872,16,61,310),(873,16,61,622),(874,16,61,623),(875,16,61,624),(876,16,61,625),(877,16,61,626),(878,16,61,627),(879,16,62,628),(880,16,62,261),(881,16,62,630),(882,16,62,631),(883,17,63,632),(884,17,63,633),(885,17,63,634),(886,17,63,635),(887,17,63,310),(888,17,63,637),(889,17,63,638),(890,17,63,639),(891,17,63,529),(892,17,63,460),(893,17,63,356),(894,17,63,643),(895,17,63,644),(896,17,63,607),(897,17,64,273),(898,17,64,609),(899,17,64,648),(900,17,64,649),(901,17,64,650),(902,17,64,301),(903,17,64,652),(904,17,64,653),(905,17,64,654),(906,17,64,186),(907,17,64,656),(908,17,64,657),(909,17,64,658),(910,17,64,659),(911,17,64,660),(912,17,64,661),(913,17,64,662),(914,17,65,196),(915,17,65,664),(916,17,65,665),(917,17,65,475),(918,17,65,667),(919,17,65,668),(920,17,65,669),(921,17,65,108),(922,17,66,450),(923,17,66,672),(924,17,66,196),(925,17,66,248),(926,17,66,675),(927,17,66,278),(928,17,66,677),(929,17,66,227),(930,17,66,282),(931,17,66,680),(932,17,66,681),(933,17,66,418),(934,17,66,683),(935,17,66,684),(936,17,66,685),(937,17,66,351),(938,17,66,189),(939,17,66,668),(940,17,66,354),(941,17,66,690),(942,17,66,691),(943,17,66,692),(944,17,66,693),(945,17,66,694),(946,18,67,363),(947,18,67,114),(948,18,67,491),(949,18,67,93),(950,18,67,282),(951,18,67,700),(952,18,67,108),(953,18,67,702),(954,18,68,703),(955,18,68,672),(956,18,68,705),(957,18,68,706),(958,18,68,707),(959,18,68,708),(960,18,68,709),(961,18,68,710),(962,18,68,711),(963,18,69,712),(964,18,69,713),(965,18,69,714),(966,18,69,715),(967,18,69,418),(968,18,69,717),(969,18,69,718),(970,18,69,719),(971,18,69,720),(972,18,70,721),(973,18,70,722),(974,18,70,723),(975,18,70,724),(976,18,70,725),(977,18,70,726),(978,18,70,727),(979,18,71,196),(980,18,71,729),(981,18,71,730),(982,18,71,731),(983,18,71,732),(984,18,71,370),(985,18,71,734),(986,18,71,735),(987,18,71,707),(988,18,71,737),(989,18,71,738),(990,18,71,739),(991,18,71,740),(992,18,71,11),(993,18,71,742),(994,18,71,743),(995,18,71,744),(996,18,71,498),(997,18,71,746),(998,18,71,747),(999,18,71,189),(1000,18,71,264),(1001,18,71,750),(1002,18,71,751),(1003,18,71,136),(1004,18,71,502),(1005,18,71,754),(1006,18,71,755),(1007,18,71,756),(1008,18,71,757),(1009,18,71,758),(1010,18,71,759),(1011,18,71,760),(1012,18,71,761),(1013,18,71,762),(1014,18,71,763),(1015,18,71,764),(1016,18,71,765),(1017,18,72,196),(1018,18,72,767),(1019,18,72,408),(1020,18,72,769),(1021,18,72,770),(1022,18,72,771),(1023,18,72,772),(1024,18,72,282),(1025,18,72,774),(1026,18,72,476),(1027,18,72,776),(1028,18,73,491),(1029,18,73,778),(1030,18,73,779),(1031,18,73,780),(1032,18,73,781),(1033,18,73,782),(1034,18,74,783),(1035,18,74,574),(1036,18,74,785),(1037,18,74,594),(1038,18,74,787),(1039,18,74,788),(1040,18,74,789),(1041,18,74,790),(1042,18,74,791),(1043,18,74,792),(1044,18,74,793),(1045,18,74,794),(1046,18,74,795),(1047,14,49,31),(1048,14,49,402),(1049,14,49,394),(1050,17,NULL,27),(1051,15,NULL,27),(1052,17,65,766),(1053,17,NULL,757),(1054,15,NULL,757),(1055,3,NULL,757),(1056,3,NULL,568),(1057,NULL,NULL,796),(1058,NULL,NULL,797),(1059,14,49,19),(1060,16,49,27),(1061,18,67,698);
INSERT IGNORE INTO `address` VALUES (51,3,12,11),(52,14,NULL,19),(53,13,NULL,25),(54,3,NULL,30),(55,18,NULL,27),(56,13,NULL,24),(57,18,NULL,28),(58,3,NULL,31),(59,18,NULL,29),(60,15,NULL,23),(61,3,NULL,32),(62,17,NULL,21),(63,18,NULL,26),(64,14,NULL,22),(65,16,NULL,20),(66,16,NULL,33),(68,18,NULL,34),(327,3,12,75),(328,3,12,76),(329,3,12,77),(330,3,12,78),(331,3,12,80),(332,3,12,81),(333,3,12,82),(334,3,12,83),(335,3,12,84),(336,3,12,85),(338,3,36,87),(339,3,36,88),(340,3,36,89),(341,3,36,90),(342,3,36,91),(343,3,36,92),(344,3,36,93),(345,3,36,94),(346,3,36,95),(347,3,36,96),(348,3,36,97),(349,3,36,98),(350,3,36,99),(351,3,36,100),(352,3,36,101),(353,3,36,102),(354,3,36,103),(355,3,36,104),(356,3,36,105),(357,3,36,106),(358,3,36,107),(359,3,36,108),(360,3,36,109),(361,3,36,110),(362,3,36,111),(363,3,36,112),(364,3,36,113),(365,3,37,114),(366,3,37,115),(367,3,37,116),(368,3,37,90),(369,3,37,118),(370,3,37,119),(371,3,37,120),(372,3,37,121),(373,3,37,122),(374,3,37,123),(375,13,38,124),(376,13,38,125),(377,13,38,126),(378,13,38,127),(379,13,38,128),(380,13,38,129),(381,13,38,130),(382,13,38,131),(383,13,38,132),(384,13,38,133),(385,13,38,134),(386,13,38,135),(387,13,38,136),(388,13,38,137),(389,13,38,138),(390,13,38,139),(391,13,38,140),(392,13,38,141),(393,13,38,142),(394,13,38,143),(395,13,38,144),(396,13,38,145),(397,13,38,146),(398,13,38,147),(399,13,38,148),(400,13,39,149),(401,13,39,150),(402,13,39,151),(403,13,39,152),(404,13,39,153),(405,13,39,154),(406,13,39,155),(407,13,39,156),(408,13,39,157),(409,13,39,158),(410,13,39,159),(411,13,39,160),(412,13,39,161),(413,13,39,162),(414,13,39,163),(415,13,39,164),(416,13,39,165),(417,13,39,166),(418,13,39,167),(419,13,39,168),(420,13,39,169),(421,13,39,170),(422,13,39,171),(423,13,39,172),(424,13,39,173),(425,13,39,174),(426,13,39,175),(427,13,39,176),(428,13,40,177),(429,13,40,75),(430,13,40,179),(431,13,40,180),(432,13,40,181),(433,13,40,182),(434,13,40,183),(435,13,40,184),(436,13,40,185),(437,13,40,186),(438,13,40,187),(439,13,40,188),(440,13,40,189),(441,13,40,190),(442,13,40,191),(443,13,40,122),(444,13,40,193),(445,13,40,194),(446,13,40,195),(447,13,41,196),(448,13,41,197),(449,13,41,198),(450,13,41,199),(451,13,41,200),(452,13,41,201),(453,13,41,202),(454,13,41,203),(455,13,41,204),(456,13,41,205),(457,13,41,206),(458,13,41,207),(459,13,41,208),(460,13,41,209),(461,13,41,210),(462,13,41,211),(463,13,41,212),(464,13,41,122),(465,13,41,214),(466,13,41,215),(467,13,41,216),(468,13,41,217),(469,13,41,218),(470,13,41,219),(471,13,41,220),(472,13,42,221),(473,13,42,222),(474,13,42,223),(475,13,42,224),(476,13,42,225),(477,13,42,226),(478,13,42,227),(479,13,42,228),(480,13,42,229),(481,13,42,230),(482,13,42,231),(483,13,42,205),(484,13,42,233),(485,13,42,234),(486,13,42,235),(487,13,42,139),(488,13,42,237),(489,13,42,238),(490,13,42,239),(491,13,42,240),(492,13,42,241),(493,13,42,242),(494,13,42,243),(495,13,42,244),(496,13,42,245),(497,13,42,246),(498,14,43,247),(499,14,43,248),(500,14,43,249),(501,14,43,250),(502,14,43,251),(503,14,43,252),(504,14,43,253),(505,14,43,254),(506,14,43,255),(507,14,43,256),(508,14,43,257),(509,14,43,258),(510,14,43,259),(511,14,43,93),(512,14,43,261),(513,14,43,262),(514,14,43,263),(515,14,43,264),(516,14,43,265),(517,14,43,266),(518,14,43,267),(519,14,43,268),(520,14,43,136),(521,14,43,270),(522,14,43,271),(523,14,43,272),(524,14,44,273),(525,14,44,274),(526,14,44,275),(527,14,44,276),(528,14,44,277),(529,14,44,278),(530,14,44,279),(531,14,44,280),(532,14,44,281),(533,14,44,282),(534,14,44,283),(535,14,44,284),(536,14,44,285),(537,14,44,286),(538,14,44,287),(539,14,44,288),(540,14,44,289),(541,14,44,290),(542,14,44,291),(543,14,44,292),(544,14,44,293),(545,14,44,294),(546,14,44,271),(547,14,44,296),(548,14,44,297),(549,14,44,298),(550,14,44,299),(551,14,45,300),(552,14,45,301),(553,14,45,302),(554,14,45,303),(555,14,45,304),(556,14,45,305),(557,14,45,11),(558,14,45,228),(559,14,45,308),(560,14,45,309),(561,14,45,310),(562,14,45,166),(563,14,45,312),(564,14,45,313),(565,14,45,140),(566,14,45,315),(567,14,45,316),(568,14,45,317),(569,14,45,318),(570,14,45,319),(572,14,45,321),(573,14,45,322),(574,14,45,323),(575,14,46,324),(576,14,46,273),(577,14,46,326),(578,14,46,327),(579,14,46,328),(580,14,46,329),(581,14,46,330),(582,14,46,331),(583,14,46,332),(584,14,46,333),(585,14,46,334),(586,14,46,335),(587,14,46,336),(588,14,46,337),(589,14,46,338),(590,14,46,339),(591,14,46,340),(592,14,46,341),(593,14,46,342),(594,14,46,343),(595,14,46,344),(596,14,46,345),(597,14,47,346),(598,14,47,347),(599,14,47,348),(600,14,47,349),(601,14,47,350),(602,14,47,351),(603,14,47,352),(604,14,47,136),(605,14,47,354),(606,14,47,355),(607,14,47,356),(608,14,47,357),(609,14,47,358),(610,14,47,359),(611,14,47,360),(612,14,47,361),(614,14,48,363),(615,14,48,364),(616,14,48,365),(617,14,48,366),(618,14,48,367),(619,14,48,368),(620,14,48,369),(621,14,48,370),(622,14,48,371),(623,14,48,372),(624,14,48,373),(625,14,48,374),(626,14,48,375),(627,14,48,189),(628,14,48,377),(629,14,48,378),(630,14,48,356),(631,14,48,380),(632,14,48,381),(633,14,48,382),(634,14,48,383),(635,14,48,384),(636,14,48,385),(637,14,48,386),(638,14,48,387),(639,14,49,388),(640,14,49,389),(641,14,49,390),(642,14,49,391),(643,14,49,392),(644,14,49,393),(645,14,49,281),(646,14,49,395),(647,14,49,396),(648,14,49,397),(649,14,49,398),(650,14,49,399),(651,14,49,400),(652,14,49,401),(653,14,49,340),(654,14,49,403),(655,14,49,140),(656,14,49,405),(657,14,50,406),(658,14,50,300),(659,14,50,408),(660,14,50,409),(661,14,50,410),(662,14,50,411),(663,14,50,412),(664,14,50,413),(665,14,50,414),(666,14,50,415),(667,14,50,416),(668,14,50,417),(669,14,50,418),(670,14,50,419),(671,14,50,420),(672,14,50,421),(673,14,50,422),(674,14,50,423),(675,14,50,424),(676,14,50,425),(677,14,50,426),(678,14,50,427),(679,14,50,428),(680,14,50,429),(681,14,50,430),(682,14,50,122),(683,14,50,432),(684,14,50,433),(685,14,50,434),(686,15,51,435),(687,15,51,436),(688,15,51,437),(689,15,51,438),(690,15,51,439),(691,15,51,440),(692,15,51,441),(693,15,51,442),(694,15,51,443),(695,15,51,444),(696,15,51,227),(697,15,51,446),(698,15,51,334),(699,15,51,448),(700,15,51,449),(701,15,52,450),(702,15,52,451),(703,15,52,452),(704,15,52,408),(705,15,52,454),(706,15,52,455),(707,15,52,456),(708,15,52,457),(709,15,52,282),(710,15,52,189),(711,15,52,460),(712,15,52,461),(713,15,52,356),(714,15,52,463),(715,15,52,464),(716,15,53,76),(717,15,53,196),(718,15,53,467),(719,15,53,468),(720,15,53,331),(721,15,53,470),(722,15,53,471),(723,15,53,472),(724,15,53,473),(725,15,53,474),(726,15,53,475),(727,15,53,476),(728,15,53,477),(729,15,53,478),(730,15,53,479),(731,15,53,480),(732,15,53,481),(733,15,53,482),(734,15,53,483),(735,15,53,484),(736,15,54,450),(737,15,54,435),(738,15,54,487),(739,15,54,488),(740,15,54,489),(741,15,54,490),(742,15,54,491),(743,15,54,492),(744,15,54,493),(745,15,54,494),(746,15,54,282),(747,15,54,496),(748,15,54,497),(749,15,54,498),(750,15,54,499),(751,15,54,500),(752,15,54,501),(753,15,54,502),(754,15,54,292),(755,15,54,504),(756,15,54,343),(757,15,54,506),(758,15,54,507),(759,15,54,147),(760,15,54,509),(761,15,54,479),(762,15,55,511),(763,15,55,124),(764,15,55,406),(765,15,55,435),(766,15,55,487),(767,15,55,516),(768,15,55,517),(769,15,55,518),(770,15,55,519),(771,15,55,520),(772,15,55,521),(773,15,55,522),(774,15,55,523),(775,15,55,524),(776,15,55,525),(777,15,55,526),(778,15,55,475),(779,15,55,528),(780,15,55,529),(781,15,55,530),(782,15,55,531),(783,15,55,532),(784,15,55,533),(785,15,55,534),(786,15,55,535),(787,15,55,536),(788,15,55,537),(789,15,55,538),(790,15,55,539),(791,15,55,540),(792,16,56,541),(793,16,56,542),(794,16,56,543),(795,16,56,544),(796,16,56,545),(797,16,56,546),(798,16,56,547),(799,16,56,548),(800,16,57,549),(801,16,57,550),(802,16,57,551),(803,16,57,552),(804,16,57,553),(805,16,57,554),(806,16,57,555),(807,16,57,556),(808,16,57,557),(809,16,57,558),(810,16,58,559),(811,16,58,560),(812,16,58,561),(813,16,58,435),(814,16,58,563),(815,16,58,564),(816,16,58,565),(817,16,58,566),(818,16,58,567),(819,16,58,418),(820,16,58,96),(821,16,58,210),(822,16,58,292),(823,16,58,572),(824,16,58,573),(825,16,59,574),(826,16,59,575),(827,16,59,576),(828,16,59,577),(829,16,59,578),(830,16,59,579),(831,16,59,580),(832,16,59,581),(833,16,59,582),(834,16,59,583),(835,16,59,584),(836,16,59,585),(837,16,59,586),(838,16,59,587),(839,16,59,588),(840,16,59,589),(841,16,59,590),(842,16,59,591),(843,16,60,592),(844,16,60,593),(845,16,60,594),(846,16,60,595),(847,16,60,596),(848,16,60,597),(849,16,60,262),(850,16,60,418),(851,16,60,600),(852,16,60,601),(853,16,60,602),(854,16,60,603),(855,16,60,604),(856,16,60,605),(857,16,60,606),(858,16,60,607),(859,16,60,608),(860,16,61,609),(861,16,61,610),(862,16,61,611),(863,16,61,612),(864,16,61,613),(865,16,61,614),(866,16,61,615),(867,16,61,616),(868,16,61,280),(869,16,61,618),(870,16,61,619),(871,16,61,620),(872,16,61,310),(873,16,61,622),(874,16,61,623),(875,16,61,624),(876,16,61,625),(877,16,61,626),(878,16,61,627),(879,16,62,628),(880,16,62,261),(881,16,62,630),(882,16,62,631),(883,17,63,632),(884,17,63,633),(885,17,63,634),(886,17,63,635),(887,17,63,310),(888,17,63,637),(889,17,63,638),(890,17,63,639),(891,17,63,529),(892,17,63,460),(893,17,63,356),(894,17,63,643),(895,17,63,644),(896,17,63,607),(897,17,64,273),(898,17,64,609),(899,17,64,648),(900,17,64,649),(901,17,64,650),(902,17,64,301),(903,17,64,652),(904,17,64,653),(905,17,64,654),(906,17,64,186),(907,17,64,656),(908,17,64,657),(909,17,64,658),(910,17,64,659),(911,17,64,660),(912,17,64,661),(913,17,64,662),(914,17,65,196),(915,17,65,664),(916,17,65,665),(917,17,65,475),(918,17,65,667),(919,17,65,668),(920,17,65,669),(921,17,65,108),(922,17,66,450),(923,17,66,672),(924,17,66,196),(925,17,66,248),(926,17,66,675),(927,17,66,278),(928,17,66,677),(929,17,66,227),(930,17,66,282),(931,17,66,680),(932,17,66,681),(933,17,66,418),(934,17,66,683),(935,17,66,684),(936,17,66,685),(937,17,66,351),(938,17,66,189),(939,17,66,668),(940,17,66,354),(941,17,66,690),(942,17,66,691),(943,17,66,692),(944,17,66,693),(945,17,66,694),(946,18,67,363),(947,18,67,114),(948,18,67,491),(949,18,67,93),(950,18,67,282),(951,18,67,700),(952,18,67,108),(953,18,67,702),(954,18,68,703),(955,18,68,672),(956,18,68,705),(957,18,68,706),(958,18,68,707),(959,18,68,708),(960,18,68,709),(961,18,68,710),(962,18,68,711),(963,18,69,712),(964,18,69,713),(965,18,69,714),(966,18,69,715),(967,18,69,418),(968,18,69,717),(969,18,69,718),(970,18,69,719),(971,18,69,720),(972,18,70,721),(973,18,70,722),(974,18,70,723),(975,18,70,724),(976,18,70,725),(977,18,70,726),(978,18,70,727),(979,18,71,196),(980,18,71,729),(981,18,71,730),(982,18,71,731),(983,18,71,732),(984,18,71,370),(985,18,71,734),(986,18,71,735),(987,18,71,707),(988,18,71,737),(989,18,71,738),(990,18,71,739),(991,18,71,740),(992,18,71,11),(993,18,71,742),(994,18,71,743),(995,18,71,744),(996,18,71,498),(997,18,71,746),(998,18,71,747),(999,18,71,189),(1000,18,71,264),(1001,18,71,750),(1002,18,71,751),(1003,18,71,136),(1004,18,71,502),(1005,18,71,754),(1006,18,71,755),(1007,18,71,756),(1008,18,71,757),(1009,18,71,758),(1010,18,71,759),(1011,18,71,760),(1012,18,71,761),(1013,18,71,762),(1014,18,71,763),(1015,18,71,764),(1016,18,71,765),(1017,18,72,196),(1018,18,72,767),(1019,18,72,408),(1020,18,72,769),(1021,18,72,770),(1022,18,72,771),(1023,18,72,772),(1024,18,72,282),(1025,18,72,774),(1026,18,72,476),(1027,18,72,776),(1028,18,73,491),(1029,18,73,778),(1030,18,73,779),(1031,18,73,780),(1032,18,73,781),(1033,18,73,782),(1034,18,74,783),(1035,18,74,574),(1036,18,74,785),(1037,18,74,594),(1038,18,74,787),(1039,18,74,788),(1040,18,74,789),(1041,18,74,790),(1042,18,74,791),(1043,18,74,792),(1044,18,74,793),(1045,18,74,794),(1046,18,74,795),(1047,14,49,31),(1048,14,49,402),(1049,14,49,394),(1050,17,NULL,27),(1051,15,NULL,27),(1052,17,65,766),(1053,17,NULL,757),(1054,15,NULL,757),(1055,3,NULL,757),(1056,3,NULL,568),(1057,NULL,NULL,796),(1058,NULL,NULL,797),(1059,14,49,19),(1060,16,49,27),(1061,18,67,698);
INSERT IGNORE INTO `address` VALUES (51,3,12,11),(52,14,NULL,19),(53,13,NULL,25),(54,3,NULL,30),(55,18,NULL,27),(56,13,NULL,24),(57,18,NULL,28),(58,3,NULL,31),(59,18,NULL,29),(60,15,NULL,23),(61,3,NULL,32),(62,17,NULL,21),(63,18,NULL,26),(64,14,NULL,22),(65,16,NULL,20),(66,16,NULL,33),(68,18,NULL,34),(327,3,12,75),(328,3,12,76),(329,3,12,77),(330,3,12,78),(331,3,12,80),(332,3,12,81),(333,3,12,82),(334,3,12,83),(335,3,12,84),(336,3,12,85),(338,3,36,87),(339,3,36,88),(340,3,36,89),(341,3,36,90),(342,3,36,91),(343,3,36,92),(344,3,36,93),(345,3,36,94),(346,3,36,95),(347,3,36,96),(348,3,36,97),(349,3,36,98),(350,3,36,99),(351,3,36,100),(352,3,36,101),(353,3,36,102),(354,3,36,103),(355,3,36,104),(356,3,36,105),(357,3,36,106),(358,3,36,107),(359,3,36,108),(360,3,36,109),(361,3,36,110),(362,3,36,111),(363,3,36,112),(364,3,36,113),(365,3,37,114),(366,3,37,115),(367,3,37,116),(368,3,37,90),(369,3,37,118),(370,3,37,119),(371,3,37,120),(372,3,37,121),(373,3,37,122),(374,3,37,123),(375,13,38,124),(376,13,38,125),(377,13,38,126),(378,13,38,127),(379,13,38,128),(380,13,38,129),(381,13,38,130),(382,13,38,131),(383,13,38,132),(384,13,38,133),(385,13,38,134),(386,13,38,135),(387,13,38,136),(388,13,38,137),(389,13,38,138),(390,13,38,139),(391,13,38,140),(392,13,38,141),(393,13,38,142),(394,13,38,143),(395,13,38,144),(396,13,38,145),(397,13,38,146),(398,13,38,147),(399,13,38,148),(400,13,39,149),(401,13,39,150),(402,13,39,151),(403,13,39,152),(404,13,39,153),(405,13,39,154),(406,13,39,155),(407,13,39,156),(408,13,39,157),(409,13,39,158),(410,13,39,159),(411,13,39,160),(412,13,39,161),(413,13,39,162),(414,13,39,163),(415,13,39,164),(416,13,39,165),(417,13,39,166),(418,13,39,167),(419,13,39,168),(420,13,39,169),(421,13,39,170),(422,13,39,171),(423,13,39,172),(424,13,39,173),(425,13,39,174),(426,13,39,175),(427,13,39,176),(428,13,40,177),(429,13,40,75),(430,13,40,179),(431,13,40,180),(432,13,40,181),(433,13,40,182),(434,13,40,183),(435,13,40,184),(436,13,40,185),(437,13,40,186),(438,13,40,187),(439,13,40,188),(440,13,40,189),(441,13,40,190),(442,13,40,191),(443,13,40,122),(444,13,40,193),(445,13,40,194),(446,13,40,195),(447,13,41,196),(448,13,41,197),(449,13,41,198),(450,13,41,199),(451,13,41,200),(452,13,41,201),(453,13,41,202),(454,13,41,203),(455,13,41,204),(456,13,41,205),(457,13,41,206),(458,13,41,207),(459,13,41,208),(460,13,41,209),(461,13,41,210),(462,13,41,211),(463,13,41,212),(464,13,41,122),(465,13,41,214),(466,13,41,215),(467,13,41,216),(468,13,41,217),(469,13,41,218),(470,13,41,219),(471,13,41,220),(472,13,42,221),(473,13,42,222),(474,13,42,223),(475,13,42,224),(476,13,42,225),(477,13,42,226),(478,13,42,227),(479,13,42,228),(480,13,42,229),(481,13,42,230),(482,13,42,231),(483,13,42,205),(484,13,42,233),(485,13,42,234),(486,13,42,235),(487,13,42,139),(488,13,42,237),(489,13,42,238),(490,13,42,239),(491,13,42,240),(492,13,42,241),(493,13,42,242),(494,13,42,243),(495,13,42,244),(496,13,42,245),(497,13,42,246),(498,14,43,247),(499,14,43,248),(500,14,43,249),(501,14,43,250),(502,14,43,251),(503,14,43,252),(504,14,43,253),(505,14,43,254),(506,14,43,255),(507,14,43,256),(508,14,43,257),(509,14,43,258),(510,14,43,259),(511,14,43,93),(512,14,43,261),(513,14,43,262),(514,14,43,263),(515,14,43,264),(516,14,43,265),(517,14,43,266),(518,14,43,267),(519,14,43,268),(520,14,43,136),(521,14,43,270),(522,14,43,271),(523,14,43,272),(524,14,44,273),(525,14,44,274),(526,14,44,275),(527,14,44,276),(528,14,44,277),(529,14,44,278),(530,14,44,279),(531,14,44,280),(532,14,44,281),(533,14,44,282),(534,14,44,283),(535,14,44,284),(536,14,44,285),(537,14,44,286),(538,14,44,287),(539,14,44,288),(540,14,44,289),(541,14,44,290),(542,14,44,291),(543,14,44,292),(544,14,44,293),(545,14,44,294),(546,14,44,271),(547,14,44,296),(548,14,44,297),(549,14,44,298),(550,14,44,299),(551,14,45,300),(552,14,45,301),(553,14,45,302),(554,14,45,303),(555,14,45,304),(556,14,45,305),(557,14,45,11),(558,14,45,228),(559,14,45,308),(560,14,45,309),(561,14,45,310),(562,14,45,166),(563,14,45,312),(564,14,45,313),(565,14,45,140),(566,14,45,315),(567,14,45,316),(568,14,45,317),(569,14,45,318),(570,14,45,319),(572,14,45,321),(573,14,45,322),(574,14,45,323),(575,14,46,324),(576,14,46,273),(577,14,46,326),(578,14,46,327),(579,14,46,328),(580,14,46,329),(581,14,46,330),(582,14,46,331),(583,14,46,332),(584,14,46,333),(585,14,46,334),(586,14,46,335),(587,14,46,336),(588,14,46,337),(589,14,46,338),(590,14,46,339),(591,14,46,340),(592,14,46,341),(593,14,46,342),(594,14,46,343),(595,14,46,344),(596,14,46,345),(597,14,47,346),(598,14,47,347),(599,14,47,348),(600,14,47,349),(601,14,47,350),(602,14,47,351),(603,14,47,352),(604,14,47,136),(605,14,47,354),(606,14,47,355),(607,14,47,356),(608,14,47,357),(609,14,47,358),(610,14,47,359),(611,14,47,360),(612,14,47,361),(614,14,48,363),(615,14,48,364),(616,14,48,365),(617,14,48,366),(618,14,48,367),(619,14,48,368),(620,14,48,369),(621,14,48,370),(622,14,48,371),(623,14,48,372),(624,14,48,373),(625,14,48,374),(626,14,48,375),(627,14,48,189),(628,14,48,377),(629,14,48,378),(630,14,48,356),(631,14,48,380),(632,14,48,381),(633,14,48,382),(634,14,48,383),(635,14,48,384),(636,14,48,385),(637,14,48,386),(638,14,48,387),(639,14,49,388),(640,14,49,389),(641,14,49,390),(642,14,49,391),(643,14,49,392),(644,14,49,393),(645,14,49,281),(646,14,49,395),(647,14,49,396),(648,14,49,397),(649,14,49,398),(650,14,49,399),(651,14,49,400),(652,14,49,401),(653,14,49,340),(654,14,49,403),(655,14,49,140),(656,14,49,405),(657,14,50,406),(658,14,50,300),(659,14,50,408),(660,14,50,409),(661,14,50,410),(662,14,50,411),(663,14,50,412),(664,14,50,413),(665,14,50,414),(666,14,50,415),(667,14,50,416),(668,14,50,417),(669,14,50,418),(670,14,50,419),(671,14,50,420),(672,14,50,421),(673,14,50,422),(674,14,50,423),(675,14,50,424),(676,14,50,425),(677,14,50,426),(678,14,50,427),(679,14,50,428),(680,14,50,429),(681,14,50,430),(682,14,50,122),(683,14,50,432),(684,14,50,433),(685,14,50,434),(686,15,51,435),(687,15,51,436),(688,15,51,437),(689,15,51,438),(690,15,51,439),(691,15,51,440),(692,15,51,441),(693,15,51,442),(694,15,51,443),(695,15,51,444),(696,15,51,227),(697,15,51,446),(698,15,51,334),(699,15,51,448),(700,15,51,449),(701,15,52,450),(702,15,52,451),(703,15,52,452),(704,15,52,408),(705,15,52,454),(706,15,52,455),(707,15,52,456),(708,15,52,457),(709,15,52,282),(710,15,52,189),(711,15,52,460),(712,15,52,461),(713,15,52,356),(714,15,52,463),(715,15,52,464),(716,15,53,76),(717,15,53,196),(718,15,53,467),(719,15,53,468),(720,15,53,331),(721,15,53,470),(722,15,53,471),(723,15,53,472),(724,15,53,473),(725,15,53,474),(726,15,53,475),(727,15,53,476),(728,15,53,477),(729,15,53,478),(730,15,53,479),(731,15,53,480),(732,15,53,481),(733,15,53,482),(734,15,53,483),(735,15,53,484),(736,15,54,450),(737,15,54,435),(738,15,54,487),(739,15,54,488),(740,15,54,489),(741,15,54,490),(742,15,54,491),(743,15,54,492),(744,15,54,493),(745,15,54,494),(746,15,54,282),(747,15,54,496),(748,15,54,497),(749,15,54,498),(750,15,54,499),(751,15,54,500),(752,15,54,501),(753,15,54,502),(754,15,54,292),(755,15,54,504),(756,15,54,343),(757,15,54,506),(758,15,54,507),(759,15,54,147),(760,15,54,509),(761,15,54,479),(762,15,55,511),(763,15,55,124),(764,15,55,406),(765,15,55,435),(766,15,55,487),(767,15,55,516),(768,15,55,517),(769,15,55,518),(770,15,55,519),(771,15,55,520),(772,15,55,521),(773,15,55,522),(774,15,55,523),(775,15,55,524),(776,15,55,525),(777,15,55,526),(778,15,55,475),(779,15,55,528),(780,15,55,529),(781,15,55,530),(782,15,55,531),(783,15,55,532),(784,15,55,533),(785,15,55,534),(786,15,55,535),(787,15,55,536),(788,15,55,537),(789,15,55,538),(790,15,55,539),(791,15,55,540),(792,16,56,541),(793,16,56,542),(794,16,56,543),(795,16,56,544),(796,16,56,545),(797,16,56,546),(798,16,56,547),(799,16,56,548),(800,16,57,549),(801,16,57,550),(802,16,57,551),(803,16,57,552),(804,16,57,553),(805,16,57,554),(806,16,57,555),(807,16,57,556),(808,16,57,557),(809,16,57,558),(810,16,58,559),(811,16,58,560),(812,16,58,561),(813,16,58,435),(814,16,58,563),(815,16,58,564),(816,16,58,565),(817,16,58,566),(818,16,58,567),(819,16,58,418),(820,16,58,96),(821,16,58,210),(822,16,58,292),(823,16,58,572),(824,16,58,573),(825,16,59,574),(826,16,59,575),(827,16,59,576),(828,16,59,577),(829,16,59,578),(830,16,59,579),(831,16,59,580),(832,16,59,581),(833,16,59,582),(834,16,59,583),(835,16,59,584),(836,16,59,585),(837,16,59,586),(838,16,59,587),(839,16,59,588),(840,16,59,589),(841,16,59,590),(842,16,59,591),(843,16,60,592),(844,16,60,593),(845,16,60,594),(846,16,60,595),(847,16,60,596),(848,16,60,597),(849,16,60,262),(850,16,60,418),(851,16,60,600),(852,16,60,601),(853,16,60,602),(854,16,60,603),(855,16,60,604),(856,16,60,605),(857,16,60,606),(858,16,60,607),(859,16,60,608),(860,16,61,609),(861,16,61,610),(862,16,61,611),(863,16,61,612),(864,16,61,613),(865,16,61,614),(866,16,61,615),(867,16,61,616),(868,16,61,280),(869,16,61,618),(870,16,61,619),(871,16,61,620),(872,16,61,310),(873,16,61,622),(874,16,61,623),(875,16,61,624),(876,16,61,625),(877,16,61,626),(878,16,61,627),(879,16,62,628),(880,16,62,261),(881,16,62,630),(882,16,62,631),(883,17,63,632),(884,17,63,633),(885,17,63,634),(886,17,63,635),(887,17,63,310),(888,17,63,637),(889,17,63,638),(890,17,63,639),(891,17,63,529),(892,17,63,460),(893,17,63,356),(894,17,63,643),(895,17,63,644),(896,17,63,607),(897,17,64,273),(898,17,64,609),(899,17,64,648),(900,17,64,649),(901,17,64,650),(902,17,64,301),(903,17,64,652),(904,17,64,653),(905,17,64,654),(906,17,64,186),(907,17,64,656),(908,17,64,657),(909,17,64,658),(910,17,64,659),(911,17,64,660),(912,17,64,661),(913,17,64,662),(914,17,65,196),(915,17,65,664),(916,17,65,665),(917,17,65,475),(918,17,65,667),(919,17,65,668),(920,17,65,669),(921,17,65,108),(922,17,66,450),(923,17,66,672),(924,17,66,196),(925,17,66,248),(926,17,66,675),(927,17,66,278),(928,17,66,677),(929,17,66,227),(930,17,66,282),(931,17,66,680),(932,17,66,681),(933,17,66,418),(934,17,66,683),(935,17,66,684),(936,17,66,685),(937,17,66,351),(938,17,66,189),(939,17,66,668),(940,17,66,354),(941,17,66,690),(942,17,66,691),(943,17,66,692),(944,17,66,693),(945,17,66,694),(946,18,67,363),(947,18,67,114),(948,18,67,491),(949,18,67,93),(950,18,67,282),(951,18,67,700),(952,18,67,108),(953,18,67,702),(954,18,68,703),(955,18,68,672),(956,18,68,705),(957,18,68,706),(958,18,68,707),(959,18,68,708),(960,18,68,709),(961,18,68,710),(962,18,68,711),(963,18,69,712),(964,18,69,713),(965,18,69,714),(966,18,69,715),(967,18,69,418),(968,18,69,717),(969,18,69,718),(970,18,69,719),(971,18,69,720),(972,18,70,721),(973,18,70,722),(974,18,70,723),(975,18,70,724),(976,18,70,725),(977,18,70,726),(978,18,70,727),(979,18,71,196),(980,18,71,729),(981,18,71,730),(982,18,71,731),(983,18,71,732),(984,18,71,370),(985,18,71,734),(986,18,71,735),(987,18,71,707),(988,18,71,737),(989,18,71,738),(990,18,71,739),(991,18,71,740),(992,18,71,11),(993,18,71,742),(994,18,71,743),(995,18,71,744),(996,18,71,498),(997,18,71,746),(998,18,71,747),(999,18,71,189),(1000,18,71,264),(1001,18,71,750),(1002,18,71,751),(1003,18,71,136),(1004,18,71,502),(1005,18,71,754),(1006,18,71,755),(1007,18,71,756),(1008,18,71,757),(1009,18,71,758),(1010,18,71,759),(1011,18,71,760),(1012,18,71,761),(1013,18,71,762),(1014,18,71,763),(1015,18,71,764),(1016,18,71,765),(1017,18,72,196),(1018,18,72,767),(1019,18,72,408),(1020,18,72,769),(1021,18,72,770),(1022,18,72,771),(1023,18,72,772),(1024,18,72,282),(1025,18,72,774),(1026,18,72,476),(1027,18,72,776),(1028,18,73,491),(1029,18,73,778),(1030,18,73,779),(1031,18,73,780),(1032,18,73,781),(1033,18,73,782),(1034,18,74,783),(1035,18,74,574),(1036,18,74,785),(1037,18,74,594),(1038,18,74,787),(1039,18,74,788),(1040,18,74,789),(1041,18,74,790),(1042,18,74,791),(1043,18,74,792),(1044,18,74,793),(1045,18,74,794),(1046,18,74,795),(1047,14,49,31),(1048,14,49,402),(1049,14,49,394),(1050,17,NULL,27),(1051,15,NULL,27),(1052,17,65,766),(1053,17,NULL,757),(1054,15,NULL,757),(1055,3,NULL,757),(1056,3,NULL,568),(1057,NULL,NULL,796),(1058,NULL,NULL,797),(1059,14,49,19),(1060,16,49,27),(1061,18,67,698);
/*!40000 ALTER TABLE `address` ENABLE KEYS */;
UNLOCK TABLES;


ALTER TABLE `sky`.`student_relatives` 
ADD COLUMN `address_id` INT NULL DEFAULT NULL AFTER `phone`,
CHANGE COLUMN `address` `address_line` VARCHAR(100) CHARACTER SET 'utf8mb4' COLLATE 'utf8mb4_0900_ai_ci' NULL DEFAULT NULL ;

ALTER TABLE `sky`.`student_relatives` 
ADD INDEX `fk_student_relatives_address_id_idx` (`address_id` ASC) VISIBLE;

ALTER TABLE `sky`.`student_relatives` 
ADD CONSTRAINT `fk_student_relatives_address_id`
  FOREIGN KEY (`address_id`)
  REFERENCES `sky`.`address` (`id`)
  ON DELETE RESTRICT
  ON UPDATE NO ACTION;

update addable_titles set name = replace(name, 'область', 'обл.');
update addable_titles set name = replace(name, 'район', 'р-н.');

-- Ырыс а/ө  -> id = 1014  (Джалал-Абадская обл., Сузакский р-н., c.Ырыс)
UPDATE student_relatives
SET address_id = 1014
WHERE address_id IS NULL
  AND UPPER(address_line) LIKE 'ЖАЛАЛ-АБАД ОБЛ.%СУЗАК Р-Н.%ЫРЫС А/Ө.%';

-- Барпы а/ө -> id = 982   (c.Барпы)
UPDATE student_relatives
SET address_id = 982
WHERE address_id IS NULL
  AND UPPER(address_line) LIKE 'ЖАЛАЛ-АБАД ОБЛ.%СУЗАК Р-Н.%БАРПЫ А/Ө.%';

-- Багыш а/ө -> id = 981  (c.Багыш)
UPDATE student_relatives
SET address_id = 981
WHERE address_id IS NULL
  AND UPPER(address_line) LIKE 'ЖАЛАЛ-АБАД ОБЛ.%СУЗАК Р-Н.%БАГЫШ А/Ө.%';

-- Сунак а.  -> id = 1008 (c.Сузак)
UPDATE student_relatives
SET address_id = 1008
WHERE address_id IS NULL
  AND UPPER(address_line) LIKE 'ЖАЛАЛ-АБАД ОБЛ.%СУЗАК Р-Н.%СУЗАК А.%';

-- Таш-Булак -> id = 1009 (c.Таш-Булак)
UPDATE student_relatives
SET address_id = 1009
WHERE address_id IS NULL
  AND UPPER(address_line) LIKE 'ЖАЛАЛ-АБАД ОБЛ.%СУЗАК Р-Н.%ТАШ-БУЛАК%';

-- Кара-Дарыя (встречается как КАРАДАРЫЯ / КАРА-ДАРИЯ) -> id = 993 (c.Кара-Дарыя)
UPDATE student_relatives
SET address_id = 993
WHERE address_id IS NULL
  AND UPPER(address_line) LIKE 'ЖАЛАЛ-АБАД ОБЛ.%СУЗАК Р-Н.%КАРАДАР%'
;

-- Джар-Кыштак (ЖАР-КЫШТАК А.) -> id = 985 (c.Джар-Кыштак)
UPDATE student_relatives
SET address_id = 985
WHERE address_id IS NULL
  AND UPPER(address_line) LIKE 'ЖАЛАЛ-АБАД ОБЛ.%СУЗАК Р-Н.%ЖАР-КЫШТАК А.%'
  OR (
    address_id IS NULL
    AND UPPER(address_line) LIKE 'ЖАЛАЛ-АБАД ОБЛ.%СУЗАК Р-Н.%КЫШТАК%'
  );

-- Акман а. (Базар-Коргон, Акман а.) -> id = 963 (c.Акман)
UPDATE student_relatives
SET address_id = 963
WHERE address_id IS NULL
  AND UPPER(address_line) LIKE 'ЖАЛАЛ-АБАД ОБЛ.%БАЗАР-КОРГОН Ш.%АКМАН А.%'
   OR (
     address_id IS NULL
     AND UPPER(address_line) LIKE 'ЖАЛАЛ-АБАД ОБЛ.%БАЗАР-КОГРОН Ш.%АКМАН А.%'
   );

-- Остальной Базар-Коргон (город) -> id = 965 (c.Базар-Коргон)
UPDATE student_relatives
SET address_id = 965
WHERE address_id IS NULL
  AND (
    UPPER(address_line) LIKE 'ЖАЛАЛ-АБАД ОБЛ.%БАЗАР-КОРГОН Ш.%'
    OR UPPER(address_line) LIKE 'ЖАЛАЛ-АБАД ОБЛ.%БАЗАР-КОГРОН Ш.%'
  )
  AND UPPER(address_line) NOT LIKE '%АКМАН А.%';

-- Кочкор-Ата (ЖАЛАЛ-АБАД ОБЛ. КОЧКОР-АТА Ш. ...) -> id = 974 (c.Кочкор-Ата)
UPDATE student_relatives
SET address_id = 974
WHERE address_id IS NULL
  AND UPPER(address_line) LIKE 'ЖАЛАЛ-АБАД ОБЛ.%КОЧКОР-АТА Ш.%';


-- Все городские адреса Джалал-Абада (без "ОБЛ.")
-- -> id = 55 (г. Джалал-Абад)
UPDATE student_relatives
SET address_id = 55
WHERE address_id IS NULL
  AND address_line IS NOT NULL
  AND UPPER(address_line) LIKE '%ЖАЛАЛ-АБАД%'
  AND UPPER(address_line) NOT LIKE '%ОБЛ.%';

INSERT INTO `sky`.`addable_titles` (`name`, `addable_types_id`, `parent_id`, `rank`) VALUES ('c.Жыгач-Коргон', '5', '71', '0');
INSERT INTO `sky`.`address` (`province_id`, `region_id`, `city_id`) VALUES ('18', '71', '798');

DELETE FROM `sky`.`addable_titles` WHERE (`id` = '260');

UPDATE `sky`.`hr_position` SET `name` = 'Системный администратор' WHERE (`id` = '5');
UPDATE `sky`.`hr_position` SET `name` = 'Скай Кафедра Башчысы' WHERE (`id` = '116');
UPDATE `sky`.`hr_position` SET `name` = 'PR-менеджер' WHERE (`id` = '102');
UPDATE `sky`.`hr_position` SET `name` = 'Ответственный за выпускников' WHERE (`id` = '103');
UPDATE `sky`.`hr_position` SET `name` = 'Образовательный консультант' WHERE (`id` = '104');
UPDATE `sky`.`hr_position` SET `name` = 'Зам директора по академ' WHERE (`id` = '105');
UPDATE `sky`.`hr_position` SET `name` = 'Ответственный за ОРТ' WHERE (`id` = '107');
UPDATE `sky`.`hr_position` SET `name` = 'Руководитель проектов' WHERE (`id` = '108');
UPDATE `sky`.`hr_position` SET `name` = 'Ответственный за олимпиады' WHERE (`id` = '109');
UPDATE `sky`.`hr_position` SET `name` = 'Колледж-консультант' WHERE (`id` = '101');


ALTER TABLE `sky`.`student_relatives` 
ADD COLUMN `work_place_id` INT NULL DEFAULT NULL AFTER `relatives_id`,
ADD INDEX `fk_student_relatives_work_place_id_idx` (`work_place_id` ASC) VISIBLE;

ALTER TABLE `sky`.`student_relatives` 
ADD CONSTRAINT `fk_student_relatives_work_place_id`
  FOREIGN KEY (`work_place_id`)
  REFERENCES `sky`.`hr_work_place` (`id`)
  ON DELETE RESTRICT
  ON UPDATE NO ACTION;

  UPDATE `sky`.`student_relatives` SET `work_place` = 'ҮЙ КОЖОЙКЕСИ' WHERE (`id` = '55721');
UPDATE `sky`.`student_relatives` SET `work_place` = 'ҮЙ КОЖОЙКЕСИ' WHERE (`id` = '55809');
UPDATE `sky`.`student_relatives` SET `work_place` = 'ҮЙ КОЖОЙКЕСИ' WHERE (`id` = '55768');
UPDATE `sky`.`student_relatives` SET `work_place` = 'ҮЙ КОЖОЙКЕСИ' WHERE (`id` = '55787');
UPDATE `sky`.`student_relatives` SET `work_place` = 'ҮЙ КОЖОЙКЕСИ' WHERE (`id` = '55373');
UPDATE `sky`.`student_relatives` SET `work_place` = 'СТРОИТЕЛЬ-РОССИЯ' WHERE (`id` = '55748');
UPDATE `sky`.`student_relatives` SET `work_place` = 'ПЕНСИОНЕР' WHERE (`id` = '55666');
UPDATE `sky`.`student_relatives` SET `work_place` = 'ПЕРЕВОДЧИК' WHERE (`id` = '55771');
UPDATE `sky`.`student_relatives` SET `work_place` = 'ПЕРЕВОДЧИК' WHERE (`id` = '55774');
UPDATE `sky`.`student_relatives` SET `work_place` = 'ПЕРЕВОДЧИК' WHERE (`id` = '55777');
UPDATE `sky`.`student_relatives` SET `work_place` = 'ПЕРЕВОДЧИК' WHERE (`id` = '55780');
UPDATE `sky`.`student_relatives` SET `work_place` = 'ПЕРЕВОДЧИК-КИТАЙСКИ Я.' WHERE (`id` = '55692');

update student_relatives set work_place = null where work_place = '';

delete from hr_work_place;

insert into hr_work_place (name) SELECT distinct(work_place) FROM sky.student_relatives where work_place is not null;

UPDATE student_relatives sr
JOIN hr_work_place wp
  ON TRIM(wp.name) = TRIM(sr.work_place)
SET sr.work_place_id = wp.id
WHERE sr.work_place IS NOT NULL;

ALTER TABLE `sky`.`student_relatives` 
DROP COLUMN `work_place`;

ALTER TABLE `sky`.`student_relatives` 
ADD COLUMN `INN` VARCHAR(20) NULL DEFAULT NULL AFTER `work_place_id`;

UPDATE student_relatives
SET
    inn      = TRIM(SUBSTRING_INDEX(passport, '/', -1)),  -- после "/"
    passport = TRIM(SUBSTRING_INDEX(passport, '/',  1))   -- до "/"
WHERE passport LIKE '%/%';

ALTER TABLE `sky`.`student_relatives` 
CHANGE COLUMN `INN` `inn` VARCHAR(20) NULL DEFAULT NULL ;
